user_id,round_idx,song_id,track_name,rating
1000,0,3H7ihDc1dqLriiWXwsc2po,Breaking Me,4
1000,1,1jF7IL57ayN4Ity3jQqGu0,Try,2
1000,2,70FCugJxa7XW04Np6iYJdI,21 Questions,1
1000,3,4Of7rzpRpV1mWRbhp5rAqG,Bruises,2
1000,4,6LsAAHotRLMOHfCsSfYCsz,If I Can't Have You,2
1000,5,1xQ6trAsedVPCdbtDAmk0c,Savage Love (Laxed - Siren Beat),3
1000,6,2XHzzp1j4IfTNp1FTn7YFg,Love Me,1
1000,7,2P4OICZRVAQcYAV2JReRfj,Waiting For Love,2
1000,8,02XnQdf7sipaKBBHixz3Zp,Paparazzi,2
1000,9,6kopmMZiyLmw7h66uXcXR7,Valerie (feat. Amy Winehouse) - Version Revisited,4
1000,10,0puf9yIluy9W0vpMEUoAnN,Bang Bang,3
1000,11,12KUFSHFgT0XCoiSlvdQi4,Break Free,2
1000,12,1QFh8OH1e78dGd3VyJZCAC,Boys Don't Cry,3
1000,13,4PhsKqMdgMEUSstTDAmMpg,Often,4
1000,14,0lx2cLdOt3piJbcaXIV74f,willow,3
1000,15,47UFoOuvrkt4khE7c5aap6,Cradles,5
1000,16,1JSTJqkT5qHq8MDJnJbRE1,Every Breath You Take,2
1000,17,1Jaah2tmN9Hv81A87KZ1MU,Torn,2
1000,18,5fEB6ZmVkg63GZg9qO86jh,Break from Toronto,1
1000,19,5SkRLpaGtvYPhw02vZhQQ9,All Falls Down,1
1000,20,0ZUo4YjG4saFnEJhdWp9Bt,Before He Cheats,4
1000,21,4SSnFejRGlZikf02HLewEF,bury a friend,3
1000,22,5yY9lUy8nbvjM1Uyo1Uqoc,Life Is Good (feat. Drake),2
1000,23,0xsItSF5TNi5JOJTvaAoaX,telepatía,4
1000,24,7KXjTSCq5nL1LoYtL7XAwS,HUMBLE.,1
1000,25,0F7FA14euOIX8KcbEturGH,Old Town Road,5
1000,26,6QeYSvYqYUsfBzsApbjDHO,Cigarettes out the Window,1
1000,27,3QFInJAm9eyaho5vBzxInN,family ties (with Kendrick Lamar),3
1000,28,3SXXFIZel1VQQ4ENiqozxi,Still into You,4
1000,29,2p8IUWQDrpjuFltbdgLOag,After Hours,4
1001,0,1hewNsVmijBqjKvFRQfk4m,bad guy,4
1001,1,7lQ8MOhq6IN2w8EYcFNSUk,Without Me,5
1001,2,5FVd6KXrgO9B3JPmC8OPst,Do I Wanna Know?,5
1001,3,0BxE4FqsDD1Ot4YuBXwAPp,505,5
1001,4,70LcF31zb1H0PyJoS1Sx1r,Creep,3
1001,5,561jH07mF1jHuk7KlaeF0s,Mockingbird,5
1001,6,0JP9xo3adEtGSdUEISiszL,Moonlight,3
1001,7,57bgtoPSgt236HzfBOd8kj,Thunderstruck,2
1001,8,01Lr5YepbgjXAWR9iOEyH1,Love Sosa,5
1001,9,51Fjme0JiitpyXKuyQiCDo,Lalala,4
1002,0,3KkXRkHbMCARz0aVfEt68P,Sunflower - Spider-Man: Into the Spider-Verse,4
1002,1,1qDrWA6lyx8cLECdZE7TV7,Somebody That I Used To Know,4
1002,2,1PtQJZVZIdWIYdARpZRDFO,Running Up That Hill (A Deal With God),4
1002,3,2Foc5Q5nqNiosCNqttzHof,Get Lucky (Radio Edit) [feat. Pharrell Williams and Nile Rodgers],5
1002,4,45zvStEMsXp8z45OQRhWFJ,American Idiot,3
1002,5,5CQ30WqJwcep0pYcV4AMNc,Stairway to Heaven - Remaster,5
1002,6,0Ryd8975WihbObpp5cPW1t,boyfriend (with Social House),2
1002,7,0zMzyHAeMvwq5CRstru1Fp,Lost Boy,3
1002,8,6mYXXXgFZZmk2mgejwSwdN,In the Air Tonight,3
1002,9,1oew3nFNY3vMacJAsvry0S,Me And My Broken Heart,2
1002,10,7HKez549fwJQDzx3zLjHKC,Start Me Up - Remastered 2009,3
1002,11,4e9eGQYsOiBcftrWXwsVco,Aerials,4
1002,12,6H3kDe7CGoWYBabAeVWGiD,Gimme Shelter,4
1002,13,6IZvVAP7VPPnsGX6bvgkqg,PRIDE.,5
1002,14,5h5tBFnbcVioFXiOixTn6E,"Bitch, Don’t Kill My Vibe",4
1002,15,3jjsRKEsF42ccXf8kWR3nu,Washing Machine Heart,5
1002,16,0za55KLGfhCOr2TC4RM6dr,Sofia,4
1002,17,2ZWlPOoWh0626oTaHrnl2a,Ivy,5
1002,18,7eqoqGkKwgOaWNNHx90uEZ,Nights,4
1002,19,4yBiZFLXn0n9AUJ5sWO88k,Wonderwall,5
1002,20,5WzfCu5fhgm7jv896EN1Md,She,3
1002,21,6mFkJmJqdDVQ1REhVfGgd1,Wish You Were Here,5
1002,22,70LcF31zb1H0PyJoS1Sx1r,Creep,3
1002,23,10nyNJ6zNy2YVYLrcwLccB,No Surprises,5
1002,24,30QR0ndUdiiMQMA9g1PGCm,"...And to Those I Love, Thanks for Sticking Around",4
1002,25,0mHoYdQ04Jd4XZ2n8VRNep,The Less I Know The Better,5
1002,26,02xhLoVqpGmOqvolgrwM8w,One,4
1002,27,3YRCqOhFifThpSRFJ1VWFM,November Rain,5
1002,28,1QFh8OH1e78dGd3VyJZCAC,Boys Don't Cry,4
1002,29,0GjEhVFGZW8afUYGChu3Rr,Dancing Queen,4
1002,30,3vkQ5DAB1qQMYO4Mr9zJN6,Gimme! Gimme! Gimme! (A Man After Midnight),4
1002,31,6bvZRLLkBKkmgpBJTTj3QK,How You Like That,1
1002,32,5GK7eDDTVz7CTge1wJrDQW,Kill This Love,2
1002,33,5QDLhrAOJJdNAmCTJ8xMyW,Dynamite,2
1002,34,7H7NyZ3G075GqPx2evsfeb,Chamber Of Reflection,5
1002,35,7EAMXbLcL0qXmciM5SwMh2,Heart To Heart,4
1002,36,2MLHyLy5z5l5YRp7momlgw,Island In The Sun,4
1002,37,0d28khcov6AiegSCpG5TuT,Feel Good Inc.,5
1002,38,1RKUoGiLEbcXN4GY4spQDx,Clint Eastwood,5
1002,39,5XeFesFbtLpXzIVDNQP22n,I Wanna Be Yours,2
1002,40,5TTGoX70AFrTvuEtqHK37S,No. 1 Party Anthem,3
1002,41,75IQVo8hqI1iwVZyvkN2VT,Show Me How,4
1002,42,2mdEsXPu8ZmkHRRtAdC09e,Cinnamon Girl,2
1002,43,2vtmY2mSccRzKGjtcHSzI3,Diet Mountain Dew,3
1002,44,3gdewACMIVMEWVbyb8O9sY,"Rocket Man (I Think It's Going To Be A Long, Long Time)",4
1003,0,5kqIPrATaCc2LqxVWzQGbk,7 Years,2
1003,1,3HVWdVOQ0ZA45FuZGSfvns,I Don't Care (with Justin Bieber),3
1003,2,4cluDES4hQEUhmXj6TXkSo,What Makes You Beautiful,4
1003,3,0afhq8XCExXpqazXczTSve,Galway Girl,3
1003,4,2IRZnDFmlqMuOrYOLnZZyc,Going Bad (feat. Drake),1
1003,5,6XHVuErjQ4XNm6nDPVCxVX,No Guidance (feat. Drake),1
1003,6,18vXApRmJSgQ6wG2ll9AOg,RAPSTAR,1
1003,7,5yVIlYEHZxQVLyInCdldoS,Impossible,5
1003,8,6etwirSInfuJrSOlogS6Sh,American Boy,1
1003,9,2xql0pid3EUwW38AsywxhV,Reflections,2
1003,10,0RLLvYBopDwooCyvnTwgYu,F.N,3
1003,11,1xK1Gg9SxG8fy2Ya373oqb,Bandido,3
1003,12,0EYOdF5FCkgOJJla8DI2Md,B.Y.O.B.,1
1003,13,6ek9SiEj5a65WIs2EV7qiM,Son Of A Preacher Man,3
1003,14,7MHN1aCFtLXjownGhvEQlF,Una Lady Como Tú,4
1003,15,4ZtFanR9U6ndgddUvNcjcG,good 4 u,5
1003,16,5YglDyAzDsnpDa6hlGzltg,Low,5
1003,17,1JBgWfT7LtGDVqkZLnTIUr,I Love It,4
1003,18,3M214U0mwSm041GsQR3nrO,Toxic,5
1003,19,0mjAU3yKR1QnXnHtjGJqTM,Rescue Me,3
1004,0,2RChe0r2cMoyOvuKobZy44,Always,5
1004,1,2EqlS6tkEnglzr7tkKAAYD,Come Together - Remastered 2009,5
1004,2,5R9a4t5t5O0IsznsrKPVro,Single Ladies (Put a Ring on It),2
1004,3,5rgrBsAFYMun6yhtnLKRPz,Right My Wrongs,2
1004,4,7FlHNJT4TC120CDvFOHzei,Rewrite The Stars,3
1004,5,6mICuAdrwEjh6Y6lroV2Kg,Chantaje (feat. Maluma),3
1004,6,5adqS3stLaSPAEOszOnpXG,DUELE EL CORAZON,1
1004,7,7dt6x5M1jzdTEt8oCbisTK,Better Now,1
1004,8,2gMXnyrvIjhVBUZwvLZDMP,Before You Go,4
1004,9,20uYAdCEoIkSZStIfPW1TB,Taki Taki,3
1004,10,2K87XMYnUMqLcX3zvtAF4G,Drag Me Down,5
1004,11,2bCQHF9gdG5BNDVuEIEnNk,Smooth Criminal - 2012 Remaster,5
1004,12,5B5eTk7DF8KVp1zpQoY1XY,The Reason,5
1004,13,4o6BgsqLIBViaGVbx5rbRk,You Make My Dreams (Come True),5
1004,14,3cNjgVBKTJ1SvKhunrCdVy,Please Don't Go,5
1004,15,4uOKFydzAejjSFqYbv1XPt,Red Red Wine,5
1004,16,5uDASfU19gDxSjW8cnCaBp,Chill Bill (feat. J. Davi$ & Spooks),1
1004,17,5lAnYvAIkSDNXqfo7DyFUm,Ain't Shit,1
1004,18,21RzyxY3EFaxVy6K4RqaU9,Body,3
1004,19,0RLLvYBopDwooCyvnTwgYu,F.N,1
1005,0,3dYD57lRAUcMHufyqn9GcI,Take Me To Church,5
1005,1,3hRV0jL3vUpRrcy398teAU,The Night We Met,5
1005,2,3e9HZxeyfWwjeyPAMmWSSQ,"thank u, next",2
1005,3,1jDJFeK9x3OZboIAHsY9k2,I'm Still Standing,5
1005,4,7mDTvYD2ieE4Q28XFziMfJ,Cry,4
1005,5,5ygDXis42ncn6kYG14lEVG,Baby Shark,1
1005,6,6ZGR4XGx4tiVyPoWSGgiFq,Mamma Mia,3
1005,7,3AJwUDP919kvQ9QcozQPxg,Yellow,4
1005,8,2pUpNOgJBIBCcjyQZQ00qU,Let Her Go,4
1005,9,7JJmb5XwzOO8jgpou264Ml,There's Nothing Holdin' Me Back,3
1005,10,2nLtzopw4rPReszdYBJU6h,Numb,4
1005,11,20uYAdCEoIkSZStIfPW1TB,Taki Taki,3
1005,12,0F7FA14euOIX8KcbEturGH,Old Town Road,4
1005,13,58zsLZPvfflaiIbNWoA22O,Human,5
1005,14,006aTr4KxDs9zELves3ipi,Maniac,3
1005,15,3ZffCQKLFLUvYM59XKLbVm,Wake Me up When September Ends,4
1005,16,2X485T9Z5Ly0xyaghN73ed,Let It Happen,4
1005,17,5m9uiFH9sK5wxRZdfN62n9,The Diary Of Jane,4
1005,18,00tt5cGPLbLjzupsKnZopj,"i hate u, i love u",2
1005,19,0GjEhVFGZW8afUYGChu3Rr,Dancing Queen,4
1006,0,3dYD57lRAUcMHufyqn9GcI,Take Me To Church,5
1006,1,7KXjTSCq5nL1LoYtL7XAwS,HUMBLE.,5
1006,2,2xLMifQCjDGFmkHkpNLD9h,SICKO MODE,4
1006,3,4rmFRTmHa2bWUmMLIRVEXQ,Uptown Funk,3
1006,4,5D2mYZuzcgjpchVY1pmTPh,Candy Shop,3
1006,5,0JP9xo3adEtGSdUEISiszL,Moonlight,5
1006,6,3e9HZxeyfWwjeyPAMmWSSQ,"thank u, next",2
1006,7,5FVbvttjEvQ8r2BgUcJgNg,Life Goes On,1
1006,8,7qiZfU4dY1lWllzX7mPBI3,Shape of You,4
1006,9,2N8m6CYs74qQO4mjVcXO30,Dance Monkey,2
1006,10,1DIXPcTDzTj8ZMHt3PDt8p,Gangsta's Paradise,2
1006,11,3d0WouFnFmr0K3kjeza3fF,Hips Don't Lie (feat. Wyclef Jean),3
1006,12,3eekarcy7kvN4yt5ZFzltW,HIGHEST IN THE ROOM,4
1006,13,6bvZRLLkBKkmgpBJTTj3QK,How You Like That,1
1006,14,7JJmb5XwzOO8jgpou264Ml,There's Nothing Holdin' Me Back,4
1006,15,2ekn2ttSfGqwhhate0LSR0,New Rules,3
1006,16,4xkOaSrkexMciUUogZKVTS,Till I Collapse,5
1006,17,7xQAfvXzm3AkraOtGPWIZg,Wow.,4
1006,18,79CzbTOcQbkkkjLCPyn19y,Lucid Dreams,5
1007,0,0VjIjW4GlUZAMYd2vXMi3b,Blinding Lights,3
1007,1,1BxfuPKGuaTgP7aM0Bbdwr,Cruel Summer,2
1007,2,3hRV0jL3vUpRrcy398teAU,The Night We Met,1
1007,3,3z8h0TU7ReDPLIbEnYhWZb,Bohemian Rhapsody,5
1007,4,2QjOHCTQ1Jl3zawyYOpxh6,Sweater Weather,4
1007,5,3bNv3VuUOKgrf5hu3YcuRo,Someone Like You,4
1007,6,1rfofaqEpACxVEHIZBJe6W,Havana (feat. Young Thug),3
1007,7,46IZ0fSY2mpAiktS3KOqds,Easy On Me,2
1007,8,1qDrWA6lyx8cLECdZE7TV7,Somebody That I Used To Know,4
1007,9,4rmFRTmHa2bWUmMLIRVEXQ,Uptown Funk,3
1007,10,7yq4Qj7cqayVTp3FF9CWbm,Riptide,2
1007,11,4R2kfaDFhslZEMJqAFNpdd,cardigan,5
1007,12,4JHg4nNYUJQ5HULcCmI18R,What You Know,4
1007,13,1WN4uNclrDuczTO3bCr8s1,Be My Baby,3
1007,14,40riOy7x9W7GXjyGp4pjAv,Hotel California - 2013 Remaster,5
1008,0,7LRMbd3LEoV5wZJvXT1Lwb,T.N.T.,1
1008,1,2USlegnFJLrVLpoVfPimKB,Thunder,4
1008,2,0UFDKFqW2oGspYeYqo9wjA,Bleed It Out,3
1008,3,2vXKRlJBXyOcvZYTdNeckS,Lost in the Fire (feat. The Weeknd),3
1008,4,6XHVuErjQ4XNm6nDPVCxVX,No Guidance (feat. Drake),3
1008,5,3M214U0mwSm041GsQR3nrO,Toxic,5
1008,6,15rjQH7nTcTomKwfVMd4xl,Go Your Own Way,2
1008,7,0rTV5WefWd1J3OwIheTzxM,Talk,3
1008,8,3CA9pLiwRIGtUBiMjbZmRw,Nice For What,3
1008,9,44ONERBHALxftQNWq6dmyd,Side To Side,5
1008,10,41oY4WCTj5kccfesTVFnvN,Tarot,2
1008,11,2iUmqdfGZcHIhS3b9E9EWq,Everybody Talks,3
1008,12,5fEB6ZmVkg63GZg9qO86jh,Break from Toronto,4
1008,13,6bK9BH9Ts8Gj5JFvnQkzak,Get Busy,4
1008,14,2ekn2ttSfGqwhhate0LSR0,New Rules,5
1009,0,3USxtqRwSYz57Ewm6wWRMp,Heat Waves,3
1009,1,2pUpNOgJBIBCcjyQZQ00qU,Let Her Go,5
1009,2,1lbXEepatjRVjoG8pZMtdp,Dreams,2
1009,3,3e9HZxeyfWwjeyPAMmWSSQ,"thank u, next",3
1009,4,0E9ZjEAyAwOXZ7wJC0PD33,In My Mind,4
1009,5,30rxF3hefnkCW2nXmgmnFN,Freaks,5
1009,6,3FvHoTnf3WWKLm3lHVNaOI,For The Night (feat. Lil Baby & DaBaby),1
1009,7,3Fzlg5r1IjhLk2qRw667od,Dancing in the Moonlight,3
1009,8,6HJ34Zyw6bg8yGm28AxLXf,Look Alive (feat. Drake),1
1009,9,6700Z4Izi8EbB6JNthU6Ma,Hold Me While You Wait,4
1009,10,5jW3rF4URMdK7tO2xjS5EI,Tal Vez,1
1009,11,3vbqb78xzvD3CJl7ZeW83c,Ain't Nobody (Loves Me Better),4
1009,12,0gJvqi9QyASOCtJu99tytc,Because of You,4
1009,13,0kEZlJh4mK1QRfb3CT5LPk,Kill Yourself (Part III),3
1009,14,0AluA5RNsa4Cx6XRhf2hWZ,10 Freaky Girls (with 21 Savage),2
1009,15,6JymsaWDHk2Yj4e0yNBIFH,Jump Around,2
1009,16,1nQRg9q9uwALGzouOX5OyQ,Radio Ga Ga - Remastered 2011,5
1009,17,55n9yjI6qqXh5F2mYvUc2y,I Don’t Wanna Live Forever (Fifty Shades Darker),3
1009,18,7cVvHoAgs9KxXP3m5B89c6,Échame La Culpa,4
1009,19,6JV2JOEocMgcZxYSZelKcc,"CAN'T STOP THE FEELING! (from DreamWorks Animation's ""TROLLS"")",5
1010,0,4OSBTYWVwsQhGLF9NHvIbR,Rolling in the Deep,5
1010,1,0VjIjW4GlUZAMYd2vXMi3b,Blinding Lights,5
1010,2,1hewNsVmijBqjKvFRQfk4m,bad guy,1
1010,3,5FVd6KXrgO9B3JPmC8OPst,Do I Wanna Know?,4
1010,4,3B54sVLJ402zGa6Xm4YGNe,Unforgettable,3
1010,5,2pUpNOgJBIBCcjyQZQ00qU,Let Her Go,1
1010,6,4UKJUbcuStnnxLeJmVJsSc,Lean On,1
1010,7,4rmFRTmHa2bWUmMLIRVEXQ,Uptown Funk,1
1010,8,7J1uxwnxfQLu4APicE5Rnj,Billie Jean,4
1010,9,1DIXPcTDzTj8ZMHt3PDt8p,Gangsta's Paradise,3
1010,10,1qDrWA6lyx8cLECdZE7TV7,Somebody That I Used To Know,2
1010,11,3di5hcvxxciiqwMH1jarhY,Set Fire to the Rain,3
1010,12,20I6sIOMTCkB6w7ryavxtO,Call Me Maybe,2
1010,13,2ENexcMEMsYk0rVJigVD3i,Only Girl (In The World),2
1010,14,6Qn5zhYkTa37e91HC1D7lb,Whatever It Takes,2
1010,15,0G21yYKMZoHa30cYVi1iA8,Welcome To The Jungle,3
1010,16,0SiywuOBRcynK0uKGWdCnn,Bad Romance,5
1010,17,7F25roCtYi55JouckaayPC,Judas,5
1010,18,3EYOJ48Et32uATr9ZmLnAo,Roxanne,4
1010,19,0b18g3G5spr4ZCkz7Y6Q0Q,Rasputin,4
1011,0,0pqnGHJpmpxLKifKRmU6WP,Believer,4
1011,1,3bNv3VuUOKgrf5hu3YcuRo,Someone Like You,5
1011,2,5kqIPrATaCc2LqxVWzQGbk,7 Years,5
1011,3,2PpruBYCo4H7WOBJ7Q2EwM,Hey Ya!,3
1011,4,2wGSgTmgSF3xjRrHkTc25R,Hate It Or Love It,2
1011,5,4w1lzcaoZ1IC2K5TwjalRP,A Thousand Miles,3
1011,6,7n3REqDfZBpkd0bEpGu2H3,Mr. Jones,3
1011,7,20R4HfKloPKgXDqU7UKk3x,Therefore I Am,2
1011,8,6etwirSInfuJrSOlogS6Sh,American Boy,4
1011,9,7LRMbd3LEoV5wZJvXT1Lwb,T.N.T.,3
1011,10,27GmP9AWRs744SzKcpJsTZ,Jumpman,1
1011,11,2ogKhhoMClkFXek7ZgxAhN,Shameless,4
1011,12,3yOMrekR0szO9F4RDRpp3z,Billionaire (feat. Bruno Mars),5
1011,13,69BIczdH6QMnFx7dsSssN8,DDU-DU DDU-DU,2
1012,0,5x5JM1BSB6vollcIzDocqT,The Climb,2
1012,1,14BH4qO7pgCmIe6mgLKOK3,Someone To You,1
1012,2,7uoFMmxln0GPXQ0AcCBXRq,Snowman,3
1012,3,15rjQH7nTcTomKwfVMd4xl,Go Your Own Way,5
1012,4,60wwxj6Dd9NJlirf84wr2c,Clarity,2
1012,5,4y5bvROuBDPr5fuwXbIBZR,Paper Rings,2
1012,6,26r48cgr10WnHuUxzSiQfn,After Party,1
1012,7,3Wrjm47oTz2sjIgck11l5e,Beggin',3
1012,8,3sNVsP50132BTNlImLx70i,Bound 2,3
1012,9,49FYlytm3dAAraYgpoJZux,Umbrella,4
1012,10,6HMtHNpW6YPi1hrw9tgF8P,About Damn Time,3
1012,11,2Bhmj4XK33InfhqKPxcJ1v,Dile al Amor,4
1012,12,4N0TP4Rmj6QQezWV88ARNJ,Superstition,5
1012,13,6ek9SiEj5a65WIs2EV7qiM,Son Of A Preacher Man,4
1012,14,5TRPicyLGbAF2LGBFbHGvO,Flashing Lights,4
1012,15,5UWwZ5lm5PKu6eKsHAGxOk,Everlong,5
1012,16,5txoZyuAmtCfmDjUCEphWm,Somebody To Love,5
1013,0,6IPwKM3fUUzlElbvKw2sKl,we fell in love in october,5
1013,1,4Yf5bqU3NK4kNOypcrLYwU,Faint,5
1013,2,3DwQ7AH3xGD9h65ezslm6q,Enter Sandman - Remastered 2021,4
1013,3,2X485T9Z5Ly0xyaghN73ed,Let It Happen,5
1013,4,6IRdLKIyS4p7XNiP8r6rsx,all the good girls go to hell,2
1013,5,2lIgUGoKAZUBfd2LmcHZIC,Bloody Mary,1
1013,6,1QV6tiMFM6fSOKOGLMHYYg,Poker Face,4
1013,7,2P4OICZRVAQcYAV2JReRfj,Waiting For Love,3
1013,8,561jH07mF1jHuk7KlaeF0s,Mockingbird,4
1013,9,3C0nOe05EIt1390bVABLyN,On The Floor,3
1013,10,1J14CdDAvBTE1AJYUOwl6C,Arcade,1
1013,11,1oAwsWBovWRIp7qLMGPIet,Apocalypse,4
1013,12,0Qh38w01QRXK6KHIv0e3hb,What About Us,2
1013,13,2OKo7g3KfmCt3kyLvUAL0g,The Search,3
1013,14,3Wrjm47oTz2sjIgck11l5e,Beggin',4
1013,15,5Y6nVaayzitvsD5F7nr3DV,West Coast,5
1014,0,3H7ihDc1dqLriiWXwsc2po,Breaking Me,2
1014,1,1jF7IL57ayN4Ity3jQqGu0,Try,3
1014,2,70FCugJxa7XW04Np6iYJdI,21 Questions,1
1014,3,4Of7rzpRpV1mWRbhp5rAqG,Bruises,2
1014,4,6LsAAHotRLMOHfCsSfYCsz,If I Can't Have You,2
1014,5,1xQ6trAsedVPCdbtDAmk0c,Savage Love (Laxed - Siren Beat),1
1014,6,2XHzzp1j4IfTNp1FTn7YFg,Love Me,1
1014,7,2P4OICZRVAQcYAV2JReRfj,Waiting For Love,2
1014,8,02XnQdf7sipaKBBHixz3Zp,Paparazzi,2
1014,9,6kopmMZiyLmw7h66uXcXR7,Valerie (feat. Amy Winehouse) - Version Revisited,5
1014,10,0puf9yIluy9W0vpMEUoAnN,Bang Bang,4
1014,11,12KUFSHFgT0XCoiSlvdQi4,Break Free,4
1014,12,1QFh8OH1e78dGd3VyJZCAC,Boys Don't Cry,1
1014,13,4PhsKqMdgMEUSstTDAmMpg,Often,4
1014,14,0lx2cLdOt3piJbcaXIV74f,willow,3
1014,15,47UFoOuvrkt4khE7c5aap6,Cradles,3
1014,16,1JSTJqkT5qHq8MDJnJbRE1,Every Breath You Take,4
1014,17,1Jaah2tmN9Hv81A87KZ1MU,Torn,4
1014,18,5fEB6ZmVkg63GZg9qO86jh,Break from Toronto,1
1014,19,5SkRLpaGtvYPhw02vZhQQ9,All Falls Down,1
1014,20,0ZUo4YjG4saFnEJhdWp9Bt,Before He Cheats,4
1014,21,4SSnFejRGlZikf02HLewEF,bury a friend,5
1014,22,5yY9lUy8nbvjM1Uyo1Uqoc,Life Is Good (feat. Drake),3
1014,23,0xsItSF5TNi5JOJTvaAoaX,telepatía,4
1014,24,7KXjTSCq5nL1LoYtL7XAwS,HUMBLE.,1
1014,25,0F7FA14euOIX8KcbEturGH,Old Town Road,2
1014,26,6QeYSvYqYUsfBzsApbjDHO,Cigarettes out the Window,2
1014,27,3QFInJAm9eyaho5vBzxInN,family ties (with Kendrick Lamar),1
1014,28,3SXXFIZel1VQQ4ENiqozxi,Still into You,3
1014,29,2p8IUWQDrpjuFltbdgLOag,After Hours,4
1014,30,6etwirSInfuJrSOlogS6Sh,American Boy,2
1014,31,5TTGoX70AFrTvuEtqHK37S,No. 1 Party Anthem,3
1014,32,51EC3I1nQXpec4gDk0mQyP,90210 (feat. Kacy Hill),1
1014,33,4OafepJy2teCjYJbvFE60J,breathin,5
1014,34,7x5xYW5W42OGPAdHUyyguy,Locked Away (feat. Adam Levine),4
1014,35,4pvb0WLRcMtbPGmtejJJ6y,exile (feat. Bon Iver),4
1014,36,0d28khcov6AiegSCpG5TuT,Feel Good Inc.,2
1014,37,79CzbTOcQbkkkjLCPyn19y,Lucid Dreams,1
1014,38,0E9ZjEAyAwOXZ7wJC0PD33,In My Mind,1
1014,39,5bJ1DrEM4hNCafcDd1oxHx,Self Care,1
1014,40,4PMqSO5qyjpvzhlLI5GnID,Good Days,4
1014,41,7rbECVPkY5UODxoOUVKZnA,I Wonder,2
1014,42,0O45fw2L5vsWpdsOdXwNAR,SexyBack (feat. Timbaland),2
1014,43,5IaHrVsrferBYDm0bDyABy,Taste (feat. Offset),1
1014,44,0cqRj7pUJDkTCEsJkx8snD,Shake It Off,3
1014,45,5EbX5xL3O2xT8FxCpYzgUO,"How Far I'll Go - From ""Moana""",3
1014,46,6HU7h9RYOaPRFeh0R3UeAr,deja vu,3
1014,47,0yvPEnB032fojLfVluFjUv,Sorry Not Sorry,4
1014,48,3B54sVLJ402zGa6Xm4YGNe,Unforgettable,2
1014,49,5itOtNx0WxtJmi1TQ3RuRd,Giant (with Rag'n'Bone Man),2
1015,0,7MXVkk9YMctZqd1Srtv4MB,Starboy,5
1015,1,1CmUZGtH29Kx36C1Hleqlz,Thrift Shop (feat. Wanz),4
1015,2,4KW1lqgSr8TKrvBII0Brf8,Father Stretch My Hands Pt. 1,5
1015,3,3sNVsP50132BTNlImLx70i,Bound 2,5
1015,4,2gZUPNdnz5Y45eiGxpHGSc,POWER,5
1015,5,4iz9lGMjU1lXS51oPmUmTe,Homecoming,3
1015,6,34KTEhpPjq6IAgQg2yzJAL,Californication,3
1015,7,3USxtqRwSYz57Ewm6wWRMp,Heat Waves,2
1015,8,7BKLCZ1jbUBVqRi2FVlTVw,Closer,3
1015,9,3hRV0jL3vUpRrcy398teAU,The Night We Met,1
1015,10,7yq4Qj7cqayVTp3FF9CWbm,Riptide,1
1015,11,0e7ipj03S05BNilyu5bRzt,rockstar (feat. 21 Savage),5
1015,12,3dYD57lRAUcMHufyqn9GcI,Take Me To Church,4
1015,13,2GrOq1y5gksYrqkc8Jzl9T,It Was A Good Day,5
1015,14,5YUyW9opqNsMSEzzecZih1,X,5
1015,15,0F7FA14euOIX8KcbEturGH,Old Town Road,5
1016,0,27mw0pQTrbuhGSdwKvGIho,Leave Before You Love Me,4
1016,1,3TpQSUTOSzTUwrgtvl4lRa,Rewrite The Stars,1
1016,2,7mDTvYD2ieE4Q28XFziMfJ,Cry,4
1016,3,00Mb3DuaIH1kjrwOku9CGU,Sk8er Boi,3
1016,4,04sN26COy28wTXYj3dMoiZ,Bored,5
1016,5,2UikqkwBv7aIvlixeVXHWt,You Should Probably Leave,2
1016,6,23WI5V2eD4EyGKxSl7Pyeq,Andas En Mi Cabeza,1
1016,7,7DfFc7a6Rwfi3YQMRbDMau,Thinkin Bout You,2
1016,8,3H7ihDc1dqLriiWXwsc2po,Breaking Me,2
1016,9,1mXVgsBdtIVeCLJnSnmtdV,Too Good At Goodbyes,3
1016,10,456WNXWhDwYOSf5SpTuqxd,Dog Days Are Over,5
1016,11,6O5TrlFWTYvznd9fMC0VvU,When We Were Young,4
1016,12,22VdIZQfgXJea34mQxlt81,Can't Feel My Face,2
1016,13,4uOKFydzAejjSFqYbv1XPt,Red Red Wine,1
1016,14,6h5PAsRni4IRlxWr6uDPTP,More Than You Know,3
1016,15,6mFkJmJqdDVQ1REhVfGgd1,Wish You Were Here,5
1016,16,0989LIb0HVwfkn3Hjj1HLJ,Better Together,3
1016,17,18AJRdgUoO9EYn11N7xzaT,Habits (Stay High),3
1016,18,06s3QtMJVXw1AJX3UfvZG1,Hasta Que Dios Diga,1
1016,19,31i56LZnwE6uSu3exoHjtB,Neverita,1
1017,0,2X485T9Z5Ly0xyaghN73ed,Let It Happen,5
1017,1,3EaJDYHA0KnX88JvDhL9oa,Dark Red,4
1017,2,4TCL0qqKyqsMZml0G3M9IM,Telephone,4
1017,3,5AGQSF0ytihJyt96K5vW9d,Heartbeat,4
1017,4,6UelLqGlWMcVH1E5c4H7lY,Watermelon Sugar,3
1017,5,5TxRUOsGeWeRl3xOML59Ai,ARE WE STILL FRIENDS?,4
1017,6,7npLlaPu9Mfno8hjk5OagD,Girls Like You,2
1017,7,2lnzGkdtDj5mtlcOW2yRtG,"Whenever, Wherever",4
1017,8,6REbwUNlppTfcnV4d4ZoZi,Swimming Pools (Drank),5
1017,9,0N3W5peJUQtI4eyR6GJT5O,King Kunta,4
1017,10,20I8RduZC2PWMWTDCZuuAN,Take Me Out,5
1017,11,6QewNVIDKdSl8Y3ycuHIei,Even Flow,4
1017,12,6etwirSInfuJrSOlogS6Sh,American Boy,4
1017,13,6habFhsOp2NvshLv26DqMb,Despacito,1
1018,0,1JSTJqkT5qHq8MDJnJbRE1,Every Breath You Take,5
1018,1,4kbj5MwxO1bq9wjT5g9HaA,Shut Up and Dance,3
1018,2,70LcF31zb1H0PyJoS1Sx1r,Creep,5
1018,3,3GZD6HmiNUhxXYf8Gch723,Lost,1
1018,4,2Dct3GykKZ58hpWRFfe2Qd,Heading South,2
1018,5,7MHN1aCFtLXjownGhvEQlF,Una Lady Como Tú,1
1018,6,1e1JKLEDKP7hEQzJfNAgPl,Magnolia,4
1018,7,3GpbwCm3YxiWDvy29Uo3vP,Right Round,5
1018,8,7H7NyZ3G075GqPx2evsfeb,Chamber Of Reflection,5
1018,9,0t3ZvGKlmYmVsDzBJAXK8C,Goodbyes (feat. Young Thug),1
1018,10,3HqcNJdZ2seoGxhn0wVNDK,PROVENZA,2
1018,11,6IPwKM3fUUzlElbvKw2sKl,we fell in love in october,4
1018,12,5CQ30WqJwcep0pYcV4AMNc,Stairway to Heaven - Remaster,4
1018,13,51Fjme0JiitpyXKuyQiCDo,Lalala,3
1018,14,3DK6m7It6Pw857FcQftMds,Runaway,5
1018,15,1CnPYaKxTVb4LWOtiGOm0m,All Time Low,3
1019,0,7LRMbd3LEoV5wZJvXT1Lwb,T.N.T.,2
1019,1,2USlegnFJLrVLpoVfPimKB,Thunder,1
1019,2,0UFDKFqW2oGspYeYqo9wjA,Bleed It Out,3
1019,3,2vXKRlJBXyOcvZYTdNeckS,Lost in the Fire (feat. The Weeknd),2
1019,4,6XHVuErjQ4XNm6nDPVCxVX,No Guidance (feat. Drake),3
1019,5,3M214U0mwSm041GsQR3nrO,Toxic,4
1019,6,15rjQH7nTcTomKwfVMd4xl,Go Your Own Way,2
1019,7,0rTV5WefWd1J3OwIheTzxM,Talk,3
1019,8,3CA9pLiwRIGtUBiMjbZmRw,Nice For What,3
1019,9,44ONERBHALxftQNWq6dmyd,Side To Side,5
1019,10,41oY4WCTj5kccfesTVFnvN,Tarot,2
1019,11,2iUmqdfGZcHIhS3b9E9EWq,Everybody Talks,3
1019,12,5fEB6ZmVkg63GZg9qO86jh,Break from Toronto,1
1019,13,6bK9BH9Ts8Gj5JFvnQkzak,Get Busy,4
1019,14,3dYD57lRAUcMHufyqn9GcI,Take Me To Church,5
1020,0,5QO79kh1waicV47BqGRL3g,Save Your Tears,4
1020,1,2ekn2ttSfGqwhhate0LSR0,New Rules,3
1020,2,0JP9xo3adEtGSdUEISiszL,Moonlight,4
1020,3,4wDEMzcoKArzAcUesqULIT,Heathens,5
1020,4,1wVuPmvt6AWvTL5W2GJnzZ,Talking to the Moon,2
1020,5,26XaOsDMbl0e1cVKYfkz6w,Falling,2
1020,6,2rbDhOo9Fh61Bbu23T2qCk,Always Remember Us This Way,1
1020,7,6naxalmIoLFWR0siv8dnQQ,Oops!...I Did It Again,1
1020,8,1ixbwbeBi5ufN4noUKmW5a,Paper Planes,1
1020,9,7MiZjKawmXTsTNePyTfPyL,Devil Eyes,4
1020,10,1jaTQ3nqY3oAAYyCTbIvnM,WHATS POPPIN,5
1020,11,47UFoOuvrkt4khE7c5aap6,Cradles,4
1020,12,39Yp9wwQiSRIDOvrVg7mbk,THE SCOTTS,5
1021,0,30rxF3hefnkCW2nXmgmnFN,Freaks,5
1021,1,7H6ev70Weq6DdpZyyTmUXk,Say My Name,2
1021,2,5rb9QrpfcKFHM1EUbSIurX,Yeah! (feat. Lil Jon & Ludacris),3
1021,3,52mdL9k7mOCbKfL54Bw8Tq,Hey There Delilah,4
1021,4,2uIX8YMNjGMD7441kqyyNU,ocean eyes,3
1021,5,15rjQH7nTcTomKwfVMd4xl,Go Your Own Way,4
1021,6,2AT8iROs4FQueDv2c8q2KE,R U Mine?,5
1021,7,54ipXppHLA8U4yqpOFTUhr,Bones,5
1021,8,1QV6tiMFM6fSOKOGLMHYYg,Poker Face,3
1021,9,2JqnpexlO9dmvjUMCaLCLJ,Love Someone,3
1021,10,0ug5NqcwcFR2xrfTkc7k8e,Style,2
1021,11,27GmP9AWRs744SzKcpJsTZ,Jumpman,1
1021,12,5BbdKBZO0TH0GhfxUfyhL9,Freestyle,1
1021,13,42ydLwx4i5V49RXHOozJZq,Scars To Your Beautiful,3
1021,14,5yDL13y5giogKs2fSNf7sj,Glad You Came,3
1022,0,0VjIjW4GlUZAMYd2vXMi3b,Blinding Lights,5
1022,1,7qiZfU4dY1lWllzX7mPBI3,Shape of You,5
1022,2,7MXVkk9YMctZqd1Srtv4MB,Starboy,4
1022,3,0pqnGHJpmpxLKifKRmU6WP,Believer,5
1022,4,6RUKPb4LETWmmr3iAEQktW,Something Just Like This,3
1022,5,2N8m6CYs74qQO4mjVcXO30,Dance Monkey,4
1022,6,3dYD57lRAUcMHufyqn9GcI,Take Me To Church,5
1022,7,6gBFPUFcJLzWGx4lenP6h2,goosebumps,4
1022,8,1hewNsVmijBqjKvFRQfk4m,bad guy,2
1022,9,3QGsuHI8jO1Rx4JWLUh9jd,Treat You Better,3
1022,10,7KA4W4McWYRpgf0fWsJZWB,See You Again (feat. Kali Uchis),4
1022,11,4UKJUbcuStnnxLeJmVJsSc,Lean On,3
1022,12,1DIXPcTDzTj8ZMHt3PDt8p,Gangsta's Paradise,5
1022,13,09mEdoA6zrmBPgTEN5qXmN,Call Out My Name,1
1022,14,3eekarcy7kvN4yt5ZFzltW,HIGHEST IN THE ROOM,4
1023,0,63OQupATfueTdZMWTxW03A,Karma Police,5
1023,1,1jaTQ3nqY3oAAYyCTbIvnM,WHATS POPPIN,4
1023,2,1t9WgS8FN0534tLBRwbaxO,Whoopty,1
1023,3,047fCsbO4NdmwCBn8pcUXl,Marvins Room,4
1023,4,5STdMlrBf6pqWiNE7WqxSi,Many Men (Wish Death),3
1023,5,0UFDKFqW2oGspYeYqo9wjA,Bleed It Out,2
1023,6,6WrI0LAC5M1Rw2MnX2ZvEg,Don't Start Now,5
1023,7,6ek9SiEj5a65WIs2EV7qiM,Son Of A Preacher Man,3
1023,8,4N0TP4Rmj6QQezWV88ARNJ,Superstition,4
1023,9,5UsLjwBaTHBX4ektWIr4XX,Forever,4
1023,10,3gVhsZtseYtY1fMuyYq06F,Sonne,4
1023,11,0hCB0YR03f6AmQaHbwWDe8,Whole Lotta Love - 1990 Remaster,5
1023,12,6mAfxuTuRz1FWfriiFf57y,Don't Cry,4
1023,13,60SdxE8apGAxMiRrpbmLY0,Lucky You (feat. Joyner Lucas),4
1023,14,7iN1s7xHE4ifF5povM6A48,Let It Be - Remastered 2009,5
1023,15,7LRMbd3LEoV5wZJvXT1Lwb,T.N.T.,5
1023,16,1cS0TgbR263ey9jn0MwD2s,River (feat. Ed Sheeran),4
1023,17,78lgmZwycJ3nzsdgmPPGNx,Immigrant Song - Remaster,4
1023,18,3kpYJjvM8Ja6btr5hEJLWc,Venom - Music From The Motion Picture,5
1023,19,2LMkwUfqC6S6s6qDVlEuzV,White Ferrari,3
1024,0,2nMeu6UenVvwUktBCpLMK9,Young And Beautiful,3
1024,1,75IN3CtuZwTHTnZvYM4qnJ,My Name Is,5
1024,2,3RlsVPIIs5KFhLFhxZ4iDF,Rockstar,3
1024,3,57RA3JGafJm5zRtKJiKPIm,Are You Bored Yet? (feat. Clairo),2
1024,4,6bnF93Rx87YqUBLSgjiMU8,Heartless,2
1024,5,3CA9pLiwRIGtUBiMjbZmRw,Nice For What,3
1024,6,5tVA6TkbaAH9QMITTQRrNv,Free Fallin',4
1024,7,78qd8dvwea0Gosb6Fe6j3k,Boss Bitch,2
1024,8,4JehYebiI9JE8sR8MisGVb,Halo,4
1024,9,7kDUspsoYfLkWnZR7qwHZl,my ex's best friend (with blackbear),3
1024,10,5NyS3oxTlos3Agl2YtZwrC,RITMO (Bad Boys For Life),3
1024,11,5QO79kh1waicV47BqGRL3g,Save Your Tears,4
1024,12,4uOKFydzAejjSFqYbv1XPt,Red Red Wine,3
1024,13,2QjOHCTQ1Jl3zawyYOpxh6,Sweater Weather,3
1024,14,1OAh8uOEOvTDqkKFsKksCi,Wild Thoughts (feat. Rihanna & Bryson Tiller),4
1024,15,2TVxnKdb3tqe1nhQWwwZCO,Tiny Dancer,4
1024,16,273QnyCvJB65rScHJ1nPZb,Make You Feel My Love,2
1024,17,4EDijkJdHBZZ0GwJ12iTAj,Stargirl Interlude,2
1024,18,1vPaFVYwBaI47DHigQHFPp,What A Time,3
1025,0,1JSTJqkT5qHq8MDJnJbRE1,Every Breath You Take,4
1025,1,7KA4W4McWYRpgf0fWsJZWB,See You Again (feat. Kali Uchis),5
1025,2,4rmFRTmHa2bWUmMLIRVEXQ,Uptown Funk,2
1025,3,2ekn2ttSfGqwhhate0LSR0,New Rules,4
1025,4,6ku3i5WNrsY3qhOq6ua9TL,Vem Dancar Kuduro,3
1025,5,57bgtoPSgt236HzfBOd8kj,Thunderstruck,4
1025,6,1dGr1c8CrMLDpV6mPbImSI,Lover,5
1025,7,7iXr5Ke8gBteNYwNe0UENp,Hymn for the Weekend,1
1025,8,7D0RhFcb3CrfPuTJ0obrod,Sparks,5
1025,9,0FpOBRl7y5tetQwtNLsgNg,WAP,1
1025,10,3Vi5XqYrmQgOYBajMWSvCi,Need to Know,3
1025,11,5B5eTk7DF8KVp1zpQoY1XY,The Reason,4
1025,12,19fm0eNKTeg1JbHCHwPhLe,All Star,2
1025,13,4LwU4Vp6od3Sb08CsP99GC,The Next Episode,4
1025,14,3M0lSi5WW79CXQamgSBIjx,Swim,5
1026,0,1zB4vmk8tFRmM9UULNzbLB,Thunder,4
1026,1,4rmFRTmHa2bWUmMLIRVEXQ,Uptown Funk,5
1026,2,4xkOaSrkexMciUUogZKVTS,Till I Collapse,4
1026,3,3yfqSUWxFvZELEM4PmlwIR,The Real Slim Shady,5
1026,4,2zYzyRzz6pRmhPzyfMEC8s,Highway to Hell,4
1026,5,2DlHlPMa4M17kufBvI2lEN,Chop Suey!,5
1026,6,26nr9XnFCYWxBTIP7HyWXg,Toxic,4
1026,7,5enxwA8aAbwZbf5qCHORXi,All Too Well (10 Minute Version) (Taylor's Version) (From The Vault),2
1026,8,2ngmiq1KoYn3x25VOmvd8F,DNA,3
1026,9,0TvQLMecTE8utzoNmvXRbK,Bad Blood,3
1026,10,7lQ8MOhq6IN2w8EYcFNSUk,Without Me,4
1026,11,6php91A59VFhwtv6qU6Bkh,Wannabe,5
1026,12,3dYD57lRAUcMHufyqn9GcI,Take Me To Church,4
1026,13,3BJe4B8zGnqEdQPMvfVjuS,Summertime Sadness,1
1027,0,5FVd6KXrgO9B3JPmC8OPst,Do I Wanna Know?,4
1027,1,3z8h0TU7ReDPLIbEnYhWZb,Bohemian Rhapsody,3
1027,2,3QGsuHI8jO1Rx4JWLUh9jd,Treat You Better,4
1027,3,6habFhsOp2NvshLv26DqMb,Despacito,5
1027,4,08mG3Y1vljYA6bvDt4Wqkj,Back In Black,2
1027,5,1wVuPmvt6AWvTL5W2GJnzZ,Talking to the Moon,4
1027,6,0FB5ILDICqwK6xj7W1RP9u,Hall of Fame,4
1027,7,0DwClY2t9YAWHBROMIgrXb,Ho Hey,2
1027,8,37Tmv4NnfQeb0ZgUC4fOJj,Sultans Of Swing,3
1027,9,0tBbt8CrmxbjRP0pueQkyU,Wolves,4
1027,10,3GZD6HmiNUhxXYf8Gch723,Lost,1
1027,11,6ADSaE87h8Y3lccZlBJdXH,With Or Without You,4
1027,12,0lYBSQXN6rCTvUZvg9S0lU,Let Me Love You,5
1027,13,6Knv6wdA0luoMUuuoYi2i1,My House,5
1027,14,4ofwffwvvnbSkrMSCKQDaC,Shotgun,2
1027,15,2x8evxqUlF0eRabbW2JBJd,Fluorescent Adolescent,4
1027,16,51Fjme0JiitpyXKuyQiCDo,Lalala,4
1027,17,7EAMXbLcL0qXmciM5SwMh2,Heart To Heart,2
1028,0,51ChrwmUPDJvedPQnIU8Ls,Dive,2
1028,1,7iN1s7xHE4ifF5povM6A48,Let It Be - Remastered 2009,5
1028,2,1ue7zm5TVVvmoQV8lK6K2H,Pretty Girl,1
1028,3,3w3y8KPTfNeOKPiqUTakBh,Locked out of Heaven,3
1028,4,1bU5Y6KTPVZh2uMSdGAqEJ,Believe,5
1028,5,3IAfUEeaXRX9s9UdKOJrFI,Envolver,3
1028,6,0BxE4FqsDD1Ot4YuBXwAPp,505,2
1028,7,6N22FZs2ZhPBYi3b9XPajV,Still Don't Know My Name,4
1028,8,4nJUuE7GO6v9i6KTu67wFO,Remember the Name,5
1028,9,0VjIjW4GlUZAMYd2vXMi3b,Blinding Lights,1
1028,10,1ighXut8QHtFjdJtA734D8,Salió El Sol,3
1028,11,2LMkwUfqC6S6s6qDVlEuzV,White Ferrari,4
1028,12,3Fzlg5r1IjhLk2qRw667od,Dancing in the Moonlight,3
1028,13,3MjUtNVVq3C8Fn0MP3zhXa,...Baby One More Time,1
1028,14,6QFCMUUq1T2Vf5sFUXcuQ7,Beauty And A Beat,4
1028,15,1wIyr1y5wiWqo7nqbxHpWt,FRIENDS,3
1028,16,0TwBtDAWpkpM3srywFVOV5,Crazy In Love (feat. JAY-Z),2
1028,17,1QV6tiMFM6fSOKOGLMHYYg,Poker Face,4
1028,18,65OVbaJR5O1RmwOQx0875b,Wants and Needs (feat. Lil Baby),1
1028,19,3NLnwwAQbbFKcEcV8hDItk,Perfect,4
1028,20,009ZUM4fe0WZbOTAjcTHyR,I'm a Mess,5
1028,21,2igwFfvr1OAGX9SKDCPBwO,Empire State Of Mind,2
1028,22,42BABHHNCBSCvMhlap5sxu,Duality,2
1028,23,7AQim7LbvFVZJE3O8TYgf2,Fuck Love,1
1028,24,3s4mrPrEFFPF0LmAfutW0n,The London (feat. J. Cole & Travis Scott),2
1028,25,4cktbXiXOapiLBMprHFErI,Memories,4
1028,26,3fVnlF4pGqWI9flVENcT28,Wildest Dreams,3
1028,27,0zMzyHAeMvwq5CRstru1Fp,Lost Boy,4
1028,28,5NyS3oxTlos3Agl2YtZwrC,RITMO (Bad Boys For Life),5
1028,29,57RA3JGafJm5zRtKJiKPIm,Are You Bored Yet? (feat. Clairo),1
1028,30,1louJpMmzEicAn7lzDalPW,No Promises (feat. Demi Lovato),3
1028,31,77dMSg2VHi2wwXjXNrmcrZ,Nena Maldición (feat. Lenny Tavárez),4
1028,32,0OTO8ZF2YqFQVw9hnZylTd,"What Is Love - 7"" Mix",5
1028,33,2qG5sZ7Si6sdK74qLxedYM,Con Altura,5
1028,34,60ynsPSSKe6O3sfwRnIBRf,Streets,5
1028,35,7ycWLEP1GsNjVvcjawXz3z,Praise The Lord (Da Shine) (feat. Skepta),4
1028,36,2EoOZnxNgtmZaD8uUmz2nD,Black Hole Sun,1
1028,37,4S8d14HvHb70ImctNgVzQQ,I Love It (& Lil Pump),4
1028,38,1fewSx2d5KIZ04wsooEBOz,Space Cadet (feat. Gunna),2
1028,39,6JV2JOEocMgcZxYSZelKcc,"CAN'T STOP THE FEELING! (from DreamWorks Animation's ""TROLLS"")",2
1028,40,00Blm7zeNqgYLPtW6zg8cj,One Right Now (with The Weeknd),2
1028,41,2BOqDYLOJBiMOXShCV1neZ,Dancing On My Own,3
1028,42,7J1uxwnxfQLu4APicE5Rnj,Billie Jean,2
1028,43,036M4gIgbeH7LHIltqRlfY,Fix You,3
1028,44,1rIKgCH4H52lrvDcz50hS8,Lush Life,1
1028,45,72TFWvU3wUYdUuxejTTIzt,Work,5
1028,46,44ONERBHALxftQNWq6dmyd,Side To Side,4
1028,47,2XHzzp1j4IfTNp1FTn7YFg,Love Me,5
1028,48,4woTEX1wYOTGDqNXuavlRC,Superman,4
1028,49,3DwQ7AH3xGD9h65ezslm6q,Enter Sandman - Remastered 2021,2
1029,0,2L8B3sLZ2GW6x5ajeiH8bS,Love Yourself,4
1029,1,70LcF31zb1H0PyJoS1Sx1r,Creep,4
1029,2,3a1lNhkSLSkpJE4MSHpDu9,Congratulations,4
1029,3,5TRPicyLGbAF2LGBFbHGvO,Flashing Lights,2
1029,4,0tBbt8CrmxbjRP0pueQkyU,Wolves,4
1029,5,40x5K8xyIWVmSeUrYjj0os,Lost on You,5
1029,6,1oew3nFNY3vMacJAsvry0S,Me And My Broken Heart,3
1029,7,7HKez549fwJQDzx3zLjHKC,Start Me Up - Remastered 2009,2
1029,8,1m69ELEgE6k5ZWsap40ozt,Se Preparó,2
1029,9,5eqK0tbzUPo2SoeZsov04s,Bank Account,4
1029,10,7b4eqsDeLUzSrGth8uB2D1,lovely,3
1029,11,6RUKPb4LETWmmr3iAEQktW,Something Just Like This,5
1029,12,1DIXPcTDzTj8ZMHt3PDt8p,Gangsta's Paradise,5
1029,13,6qn9YLKt13AGvpq9jfO8py,We Found Love,4
1029,14,5fVZC9GiM4e8vu99W0Xf6J,How to Save a Life,3
1029,15,3Vi5XqYrmQgOYBajMWSvCi,Need to Know,2
1029,16,1k1Bqnv2R0uJXQN4u6LKYt,Ain't No Sunshine,2
1029,17,2rbDhOo9Fh61Bbu23T2qCk,Always Remember Us This Way,3
1029,18,7MXVkk9YMctZqd1Srtv4MB,Starboy,4
1029,19,0pqnGHJpmpxLKifKRmU6WP,Believer,4
1030,0,4pvb0WLRcMtbPGmtejJJ6y,exile (feat. Bon Iver),2
1030,1,1tkMs9wDPknQ3ZHcKDw1ES,Buy U a Drank (Shawty Snappin') (feat. Yung Joc),3
1030,2,1bhUWB0zJMIKr9yVPrkEuI,Perfect Duet (Ed Sheeran & Beyoncé),3
1030,3,5qEn8c0MBzyRKgQq91Vevi,Out of My League,4
1030,4,4pAl7FkDMNBsjykPXo91B3,Needed Me,2
1030,5,6bK9BH9Ts8Gj5JFvnQkzak,Get Busy,5
1030,6,6jizk5lOUnfpaZXYMdfeC6,Trumpets,2
1030,7,2X485T9Z5Ly0xyaghN73ed,Let It Happen,3
1030,8,6ek9SiEj5a65WIs2EV7qiM,Son Of A Preacher Man,3
1030,9,5STdMlrBf6pqWiNE7WqxSi,Many Men (Wish Death),5
1030,10,6ic8OlLUNEATToEFU3xmaH,Gimme More,3
1030,11,6kPJZM97LwdG9QIsT7khp6,Solo (feat. Demi Lovato),3
1030,12,3bNv3VuUOKgrf5hu3YcuRo,Someone Like You,2
1030,13,7ks6AZmFcm3Y6PGGxGSmlB,Where Them Girls At (feat. Nicki Minaj & Flo Rida),4
1030,14,4cH7XOPBjVUD5Mwo9F2TVz,Love Myself,1
1030,15,2BJSMvOGABRxokHKB0OI8i,Shoota (feat. Lil Uzi Vert),5
1030,16,4S8d14HvHb70ImctNgVzQQ,I Love It (& Lil Pump),5
1030,17,18vXApRmJSgQ6wG2ll9AOg,RAPSTAR,5
1030,18,1wb4P4F0sxAQ2KXrRvsx6n,You're Still The One,3
1030,19,0GO8y8jQk1PkHzS31d699N,Tongue Tied,1
1031,0,3yOlyBJuViE2YSGn3nVE1K,My Oh My (feat. DaBaby),2
1031,1,3w3y8KPTfNeOKPiqUTakBh,Locked out of Heaven,5
1031,2,47EiUVwUp4C9fGccaPuUCS,DÁKITI,4
1031,3,4ZaAkwewfMfXdjnNDGkKGe,Symphony,3
1031,4,3eR23VReFzcdmS7TYCrhCe,It Ain't Me (with Selena Gomez),4
1031,5,6qL5UWxRSQYml9O99ozoLv,Love Songs - Bonus,3
1031,6,7euZJfqlLgc7rAFsgc88LY,love nwantiti (ah ah ah),1
1031,7,2LMkwUfqC6S6s6qDVlEuzV,White Ferrari,3
1031,8,7zZV0st7iiQSz5Rlarl77U,Fireflies,1
1031,9,2SJjVtJpu5IV05sck9E5fW,Ahora Dice,2
1031,10,1GXABqvCDvQ58wPbkNhhzh,Psycho,4
1031,11,6jizk5lOUnfpaZXYMdfeC6,Trumpets,1
1031,12,3d0WouFnFmr0K3kjeza3fF,Hips Don't Lie (feat. Wyclef Jean),4
1031,13,0COqiPhxzoWICwFCS4eZcp,Bring Me To Life,3
1031,14,5awDvzxWfd53SSrsRZ8pXO,Du hast,1
1031,15,45aBsnKRWUzhwbcqOJLwfe,This Is Me,5
1031,16,0mUyMawtxj1CJ76kn9gIZK,Bad Day,2
1031,17,0g5EKLgdKvNlln7TNqBByK,Middle,4
1031,18,3hUxzQpSfdDqwM3ZTFQY0K,august,5
1031,19,6dBUzqjtbnIa1TwYbyw5CM,Lovers Rock,3
1032,0,3jjsRKEsF42ccXf8kWR3nu,Washing Machine Heart,5
1032,1,3dYD57lRAUcMHufyqn9GcI,Take Me To Church,5
1032,2,4EWCNWgDS8707fNSZ1oaA5,Heartless,1
1032,3,1v1oIWf2Xgh54kIWuKsDf6,Runaway,5
1032,4,7F25roCtYi55JouckaayPC,Judas,5
1032,5,3di5hcvxxciiqwMH1jarhY,Set Fire to the Rain,5
1032,6,3eekarcy7kvN4yt5ZFzltW,HIGHEST IN THE ROOM,2
1032,7,3yOlyBJuViE2YSGn3nVE1K,My Oh My (feat. DaBaby),3
1032,8,0TK2YIli7K1leLovkQiNik,Señorita,4
1032,9,6jG2YzhxptolDzLHTGLt7S,Drunk in Love (feat. JAY-Z),2
1032,10,7MXVkk9YMctZqd1Srtv4MB,Starboy,5
1032,11,1J14CdDAvBTE1AJYUOwl6C,Arcade,4
1032,12,7b4eqsDeLUzSrGth8uB2D1,lovely,5
1032,13,4RVwu0g32PAqgUiJoXsdF8,Happier Than Ever,5
1032,14,1hewNsVmijBqjKvFRQfk4m,bad guy,3
1032,15,4Ouhoi2lAhrLJKFzUqEzwl,Born To Die,5
1032,16,40iJIUlhi6renaREYGeIDS,Fair Trade (with Travis Scott),1
1032,17,3FAclTFfvUuQYnEsptbK8w,Back To Black,5
1032,18,4cktbXiXOapiLBMprHFErI,Memories,4
1032,19,2cYqizR4lgvp4Qu6IQ3qGN,BUTTERFLY EFFECT,2
1033,0,75ZvA4QfFiZvzhj2xkaWAh,I Fall Apart,3
1033,1,1Ej96GIBCTvgH7tNX1r3qr,Otro Trago,1
1033,2,2gwkD6igEhQbDQegRCcdoB,Suge,1
1033,3,4vVTI94F9uJ8lHNDWKv0i2,Eenie Meenie,2
1033,4,42qNWdLKCI41S4uzfamhFM,Duvet,2
1033,5,0fYVliAYKHuPmECRs1pbRf,Renegades,3
1033,6,5hcisvFMidkMJlElTO9Qmw,Sensualidad,1
1033,7,0BCPKOYdS2jbQ8iyB56Zns,Clocks,2
1033,8,5VGlqQANWDKJFl0MBG3sg2,Use Somebody,3
1033,9,2mdEsXPu8ZmkHRRtAdC09e,Cinnamon Girl,1
1033,10,1mXVgsBdtIVeCLJnSnmtdV,Too Good At Goodbyes,3
1033,11,3YuaBvuZqcwN3CEAyyoaei,Like a Stone,2
1034,0,7lQ8MOhq6IN2w8EYcFNSUk,Without Me,4
1034,1,3eekarcy7kvN4yt5ZFzltW,HIGHEST IN THE ROOM,3
1034,2,08mG3Y1vljYA6bvDt4Wqkj,Back In Black,5
1034,3,0VjIjW4GlUZAMYd2vXMi3b,Blinding Lights,4
1034,4,5hVghJ4KaYES3BFUATCYn0,EARFQUAKE,5
1034,5,4woTEX1wYOTGDqNXuavlRC,Superman,3
1034,6,6bnF93Rx87YqUBLSgjiMU8,Heartless,4
1034,7,2OKo7g3KfmCt3kyLvUAL0g,The Search,4
1034,8,6gBFPUFcJLzWGx4lenP6h2,goosebumps,2
1034,9,1hewNsVmijBqjKvFRQfk4m,bad guy,5
1034,10,4xkOaSrkexMciUUogZKVTS,Till I Collapse,5
1034,11,2zYzyRzz6pRmhPzyfMEC8s,Highway to Hell,4
1035,0,3z8h0TU7ReDPLIbEnYhWZb,Bohemian Rhapsody,5
1035,1,3BJe4B8zGnqEdQPMvfVjuS,Summertime Sadness,5
1035,2,20I6sIOMTCkB6w7ryavxtO,Call Me Maybe,5
1035,3,1TfqLAPs4K3s2rJMoCokcS,Sweet Dreams (Are Made of This) - 2005 Remaster,4
1035,4,26nr9XnFCYWxBTIP7HyWXg,Toxic,5
1035,5,2PpruBYCo4H7WOBJ7Q2EwM,Hey Ya!,1
1035,6,4EDijkJdHBZZ0GwJ12iTAj,Stargirl Interlude,4
1035,7,6php91A59VFhwtv6qU6Bkh,Wannabe,3
1035,8,14iN3o8ptQ8cFVZTEmyQRV,I Kissed A Girl,3
1035,9,6VObnIkLVruX4UVyxWhlqm,Skyfall,5
1035,10,4r8lRYnoOGdEi6YyI5OC1o,Bye Bye Bye,2
1035,11,0yNttAVwMr39qyODHNIkrY,Never Gonna Give You Up (2022 Remaster),2
1035,12,3vkQ5DAB1qQMYO4Mr9zJN6,Gimme! Gimme! Gimme! (A Man After Midnight),4
1035,13,6ic8OlLUNEATToEFU3xmaH,Gimme More,4
1035,14,2vtmY2mSccRzKGjtcHSzI3,Diet Mountain Dew,5
1036,0,7qiZfU4dY1lWllzX7mPBI3,Shape of You,4
1036,1,3dYD57lRAUcMHufyqn9GcI,Take Me To Church,4
1036,2,0BxE4FqsDD1Ot4YuBXwAPp,505,5
1036,3,3bNv3VuUOKgrf5hu3YcuRo,Someone Like You,5
1036,4,3HVWdVOQ0ZA45FuZGSfvns,I Don't Care (with Justin Bieber),1
1036,5,6habFhsOp2NvshLv26DqMb,Despacito,3
1036,6,1qDrWA6lyx8cLECdZE7TV7,Somebody That I Used To Know,5
1036,7,0ntQJM78wzOLVeCUAW7Y45,Sex on Fire,2
1036,8,1TfqLAPs4K3s2rJMoCokcS,Sweet Dreams (Are Made of This) - 2005 Remaster,3
1036,9,03aENfSuuy3VS0sbgH7u1D,Mi Gente,4
1036,10,7floNISpH8VF4z4459Qo18,Look At Me!,3
1036,11,0F7FA14euOIX8KcbEturGH,Old Town Road,4
1036,12,4pbJqGIASGPr0ZpGpnWkDn,We Will Rock You - Remastered 2011,4
1036,13,1yoMvmasuxZfqHEipJhRbp,Hawái,1
1037,0,7qiZfU4dY1lWllzX7mPBI3,Shape of You,3
1037,1,0pqnGHJpmpxLKifKRmU6WP,Believer,4
1037,2,5XeFesFbtLpXzIVDNQP22n,I Wanna Be Yours,5
1037,3,1zB4vmk8tFRmM9UULNzbLB,Thunder,2
1037,4,4CeeEOM32jQcH3eN9Q2dGj,Smells Like Teen Spirit,3
1037,5,4xkOaSrkexMciUUogZKVTS,Till I Collapse,3
1037,6,3yfqSUWxFvZELEM4PmlwIR,The Real Slim Shady,4
1037,7,561jH07mF1jHuk7KlaeF0s,Mockingbird,5
1037,8,1r9xUipOqoNwggBpENDsvJ,Enemy (with JID) - from the series Arcane League of Legends,3
1037,9,1TfqLAPs4K3s2rJMoCokcS,Sweet Dreams (Are Made of This) - 2005 Remaster,5
1037,10,26nr9XnFCYWxBTIP7HyWXg,Toxic,5
1037,11,54ipXppHLA8U4yqpOFTUhr,Bones,4
1037,12,4woTEX1wYOTGDqNXuavlRC,Superman,4
1037,13,514rhnksEwHUh6LxXsQ4Y9,Back To You,3
1037,14,0GO8y8jQk1PkHzS31d699N,Tongue Tied,4
1037,15,3vkQ5DAB1qQMYO4Mr9zJN6,Gimme! Gimme! Gimme! (A Man After Midnight),5
1037,16,5GK7eDDTVz7CTge1wJrDQW,Kill This Love,3
1038,0,14iN3o8ptQ8cFVZTEmyQRV,I Kissed A Girl,5
1038,1,1Qiz4CnId2dgwbDdudGavl,Maneater,5
1038,2,6ic8OlLUNEATToEFU3xmaH,Gimme More,4
1038,3,4948g5UqwZFLGI8UTOXqdi,I Write Sins Not Tragedies,4
1038,4,4pvb0WLRcMtbPGmtejJJ6y,exile (feat. Bon Iver),5
1038,5,4TCL0qqKyqsMZml0G3M9IM,Telephone,5
1038,6,7F25roCtYi55JouckaayPC,Judas,5
1038,7,1ue7zm5TVVvmoQV8lK6K2H,Pretty Girl,5
1038,8,4y5bvROuBDPr5fuwXbIBZR,Paper Rings,2
1038,9,7jr3iPu4O4bTCVwLMbdU2i,Kiss and Make Up,2
1038,10,48QmG1dfvMuYLxMPt7KSRA,No Lie,3
1038,11,4ZaAkwewfMfXdjnNDGkKGe,Symphony,2
1038,12,0dE0TVR4av3kNDHLmKwu3n,Sweet but Psycho,1
1038,13,0lx2cLdOt3piJbcaXIV74f,willow,5
1038,14,006aTr4KxDs9zELves3ipi,Maniac,4
1038,15,6JGQ98So2ik5GVI9ydQ2Yh,Don't Speak,5
1038,16,1ni8ZTAY1GHXEFOGHl7fdg,bellyache,1
1039,0,4l0RmWt52FxpVxMNni6i63,you broke me first,4
1039,1,4Dvkj6JhhA12EX05fT7y2e,As It Was,4
1039,2,6UelLqGlWMcVH1E5c4H7lY,Watermelon Sugar,3
1039,3,1qEmFfgcLObUfQm0j1W2CK,Late Night Talking,5
1039,4,0VjIjW4GlUZAMYd2vXMi3b,Blinding Lights,4
1039,5,7MXVkk9YMctZqd1Srtv4MB,Starboy,4
1039,6,3GCdLUSnKSMJhs4Tj6CV3s,"All The Stars (with SZA) - From ""Black Panther: The Album""",5
1039,7,4ml4WlnHDEpOK8HRVYTCWf,drivers license,4
1039,8,4ZtFanR9U6ndgddUvNcjcG,good 4 u,3
1039,9,5R9a4t5t5O0IsznsrKPVro,Single Ladies (Put a Ring on It),3
1039,10,1qrpoAMXodY6895hGKoUpA,You Belong With Me (Taylor’s Version),2
1039,11,6IPwKM3fUUzlElbvKw2sKl,we fell in love in october,3
1039,12,4pt5fDVTg5GhEvEtlz9dKk,I WANNA BE YOUR SLAVE,3
1039,13,58HvfVOeJY7lUuCqF0m3ly,MIDDLE OF THE NIGHT,3
1039,14,0TK2YIli7K1leLovkQiNik,Señorita,2
1039,15,27rdGxbavYJeBphck5MZAF,Nothing Breaks Like a Heart (feat. Miley Cyrus),3
1039,16,2lIgUGoKAZUBfd2LmcHZIC,Bloody Mary,4
1039,17,2xql0pid3EUwW38AsywxhV,Reflections,3
1039,18,00Blm7zeNqgYLPtW6zg8cj,One Right Now (with The Weeknd),3
1039,19,4jAIqgrPjKLTY9Gbez25Qb,Lights Up,2
1039,20,60wwxj6Dd9NJlirf84wr2c,Clarity,2
1039,21,5AGQSF0ytihJyt96K5vW9d,Heartbeat,4
1039,22,0l0CvurVUrr2w3Jj1hOVFc,NO,1
1039,23,48QmG1dfvMuYLxMPt7KSRA,No Lie,2
1039,24,1MgV7FIyNxIG7WzMRJV5HC,my tears ricochet,3
1039,25,7AEAGTc8cReDqcbPoY9gwo,We Are Never Ever Getting Back Together,2
1039,26,6N22FZs2ZhPBYi3b9XPajV,Still Don't Know My Name,3
1039,27,6EDO9iiTtwNv6waLwa1UUq,POPSTAR (feat. Drake),1
1039,28,4fixebDZAVToLbUCuEloa2,Womanizer,3
1039,29,5I79GNku8Oa7dhfM9ZOmuZ,Black and Yellow,3
1039,30,2N8m6CYs74qQO4mjVcXO30,Dance Monkey,1
1039,31,3xKsf9qdS1CyvXSMEid6g8,Pink + White,4
1039,32,1JBgWfT7LtGDVqkZLnTIUr,I Love It,3
1039,33,1oFAF1hdPOickyHgbuRjyX,Save Your Tears (Remix) (with Ariana Grande) - Bonus Track,4
1039,34,6bnF93Rx87YqUBLSgjiMU8,Heartless,3
1039,35,4F7A0DXBrmUAkp32uenhZt,Party Monster,3
1039,36,4PMqSO5qyjpvzhlLI5GnID,Good Days,3
1039,37,3BJe4B8zGnqEdQPMvfVjuS,Summertime Sadness,2
1039,38,7lAoovVf67mECK18oOpJbc,Love You Like A Love Song,2
1039,39,4n7jnSxVLd8QioibtTDBDq,On My Way,3
1039,40,0cqRj7pUJDkTCEsJkx8snD,Shake It Off,2
1039,41,2yLa0QULdQr0qAIvVwN6B5,...Ready For It?,2
1040,0,6QgjcU0zLnzq5OrUoSZ3OK,Feel It Still,1
1040,1,4ofwffwvvnbSkrMSCKQDaC,Shotgun,1
1040,2,6UelLqGlWMcVH1E5c4H7lY,Watermelon Sugar,1
1040,3,4NUt1fcnO9aQAELBgXq3Kr,Me Dediqué a Perderte,1
1040,4,6IPwKM3fUUzlElbvKw2sKl,we fell in love in october,1
1040,5,3nnG7AM9QopHVPEuLX3Khk,Let It Go,1
1040,6,1tNJrcVe6gwLEiZCtprs1u,3 Nights,1
1040,7,1vPaFVYwBaI47DHigQHFPp,What A Time,1
1040,8,5ygDXis42ncn6kYG14lEVG,Baby Shark,1
1040,9,48QmG1dfvMuYLxMPt7KSRA,No Lie,1
1040,10,7lQ8MOhq6IN2w8EYcFNSUk,Without Me,1
1040,11,4ZtFanR9U6ndgddUvNcjcG,good 4 u,1
1040,12,3Zwu2K0Qa5sT6teCCHPShP,Thnks fr th Mmrs,1
1040,13,5fEB6ZmVkg63GZg9qO86jh,Break from Toronto,1
1040,14,2xLMifQCjDGFmkHkpNLD9h,SICKO MODE,1
1040,15,41oY4WCTj5kccfesTVFnvN,Tarot,1
1040,16,7wBJfHzpfI3032CSD7CE2m,STARGAZING,1
1040,17,3M214U0mwSm041GsQR3nrO,Toxic,1
1041,0,2TIlqbIneP0ZY1O0EzYLlc,Someone You Loved,5
1041,1,2pUpNOgJBIBCcjyQZQ00qU,Let Her Go,3
1041,2,4xkOaSrkexMciUUogZKVTS,Till I Collapse,2
1041,3,5kqIPrATaCc2LqxVWzQGbk,7 Years,4
1041,4,3yfqSUWxFvZELEM4PmlwIR,The Real Slim Shady,2
1041,5,561jH07mF1jHuk7KlaeF0s,Mockingbird,3
1041,6,6sJ7lnREdD6I8UlVQiuDWZ,See You Again,1
1041,7,5cF0dROlMOK5uNZtivgu50,Attention,4
1041,8,5TRPicyLGbAF2LGBFbHGvO,Flashing Lights,1
1041,9,3eekarcy7kvN4yt5ZFzltW,HIGHEST IN THE ROOM,1
1041,10,1oAwsWBovWRIp7qLMGPIet,Apocalypse,3
1041,11,3BJe4B8zGnqEdQPMvfVjuS,Summertime Sadness,2
1041,12,6habFhsOp2NvshLv26DqMb,Despacito,4
1042,0,7LRMbd3LEoV5wZJvXT1Lwb,T.N.T.,2
1042,1,2USlegnFJLrVLpoVfPimKB,Thunder,5
1042,2,0UFDKFqW2oGspYeYqo9wjA,Bleed It Out,4
1042,3,2vXKRlJBXyOcvZYTdNeckS,Lost in the Fire (feat. The Weeknd),2
1042,4,6XHVuErjQ4XNm6nDPVCxVX,No Guidance (feat. Drake),1
1042,5,3M214U0mwSm041GsQR3nrO,Toxic,4
1042,6,15rjQH7nTcTomKwfVMd4xl,Go Your Own Way,2
1042,7,0rTV5WefWd1J3OwIheTzxM,Talk,3
1042,8,3CA9pLiwRIGtUBiMjbZmRw,Nice For What,4
1042,9,44ONERBHALxftQNWq6dmyd,Side To Side,2
1042,10,41oY4WCTj5kccfesTVFnvN,Tarot,2
1042,11,2iUmqdfGZcHIhS3b9E9EWq,Everybody Talks,5
1042,12,5fEB6ZmVkg63GZg9qO86jh,Break from Toronto,4
1042,13,6bK9BH9Ts8Gj5JFvnQkzak,Get Busy,5
1042,14,2ekn2ttSfGqwhhate0LSR0,New Rules,1
1042,15,1GXABqvCDvQ58wPbkNhhzh,Psycho,2
1042,16,1GEBsLDvJGw7kviySRI6GX,You Belong With Me,1
1042,17,1ighXut8QHtFjdJtA734D8,Salió El Sol,5
1042,18,5hM5arv9KDbCHS0k9qO86jh,,4
1042,19,4CeeEOM32jQcH3eN9Q2dGj,Smells Like Teen Spirit,2
1043,0,0v2Swij0g2VfvSq3c3uaG3,Don't Be Shy,3
1043,1,5eqK0tbzUPo2SoeZsov04s,Bank Account,2
1043,2,1tNJrcVe6gwLEiZCtprs1u,3 Nights,4
1043,3,55n9yjI6qqXh5F2mYvUc2y,I Don’t Wanna Live Forever (Fifty Shades Darker),2
1043,4,1V6gIisPpYqgFeWbMLI0bA,Heart Attack,3
1043,5,3Vi5XqYrmQgOYBajMWSvCi,Need to Know,3
1043,6,5rgrBsAFYMun6yhtnLKRPz,Right My Wrongs,3
1043,7,3taCbWWTilb7eNMsAzOBq4,Radio,5
1043,8,5Y6nVaayzitvsD5F7nr3DV,West Coast,5
1043,9,2QjOHCTQ1Jl3zawyYOpxh6,Sweater Weather,5
1043,10,4Dvkj6JhhA12EX05fT7y2e,As It Was,5
1043,11,5TTGoX70AFrTvuEtqHK37S,No. 1 Party Anthem,5
1043,12,3GVkPk8mqxz0itaAriG1L7,Everybody Dies In Their Nightmares,5
1043,13,2aibwv5hGXSgw7Yru8IYTO,Snow (Hey Oh),5
1043,14,5HNCy40Ni5BZJFw1TKzRsC,Comfortably Numb,5
1043,15,4EWCNWgDS8707fNSZ1oaA5,Heartless,3
1043,16,3YRCqOhFifThpSRFJ1VWFM,November Rain,5
1043,17,3rKYiySCDMUKTw5kGVVhaa,Marvin Gaye (feat. Meghan Trainor),3
1043,18,0AluA5RNsa4Cx6XRhf2hWZ,10 Freaky Girls (with 21 Savage),2
1043,19,5XMkENs3GfeRza8MfVAhjK,Finesse,2
1044,0,6sJ7lnREdD6I8UlVQiuDWZ,See You Again,3
1044,1,4EDijkJdHBZZ0GwJ12iTAj,Stargirl Interlude,4
1044,2,3LnOF5n1GOs01siYZXzS3p,Drowning (feat. Kodak Black),2
1044,3,7pKfPomDEeI4TPT6EOYjn9,Imagine - Remastered 2010,1
1044,4,1zB4vmk8tFRmM9UULNzbLB,Thunder,2
1044,5,2DQ1ITjI0YoLFzuADN1ZBW,No Limit,3
1044,6,40a82F3K2UTbeoLlXXXZBd,"Lo Que Pasó, Pasó",5
1044,7,6GG73Jik4jUlQCkKg9JuGO,The Middle,1
1044,8,4wDEMzcoKArzAcUesqULIT,Heathens,3
1044,9,7lAK3oHbfEnvUQWosrMMpR,YOSEMITE,4
1044,10,3dPQuX8Gs42Y7b454ybpMR,Seven Nation Army,3
1044,11,6QeYSvYqYUsfBzsApbjDHO,Cigarettes out the Window,1
1044,12,5HNCy40Ni5BZJFw1TKzRsC,Comfortably Numb,5
1044,13,1j6xOGusnyXq3l6IryKF3G,Déjala Que Vuelva (feat. Manuel Turizo),5
1044,14,12KUFSHFgT0XCoiSlvdQi4,Break Free,1
1044,15,7fBv7CLKzipRk6EC6TWHOB,The Hills,3
1044,16,3NxWJWftvkstyxvb1pZlFo,Teeth,3
1044,17,0mHoYdQ04Jd4XZ2n8VRNep,The Less I Know The Better,5
1044,18,0UHB9METy4VCXNgkcGqHqS,Kiss It Better,1
1044,19,1ighXut8QHtFjdJtA734D8,Salió El Sol,2
1045,0,4xkOaSrkexMciUUogZKVTS,Till I Collapse,5
1045,1,7AQim7LbvFVZJE3O8TYgf2,Fuck Love,4
1045,2,20uYAdCEoIkSZStIfPW1TB,Taki Taki,2
1045,3,5Eax0qFko2dh7Rl2lYs3bx,Efecto,1
1045,4,0G21yYKMZoHa30cYVi1iA8,Welcome To The Jungle,2
1045,5,1ZMiCix7XSAbfAJlEZWMCp,Falling,4
1045,6,6jRq8gaZhMUyy5RclRPcAf,hot girl bummer,5
1045,7,3SXXFIZel1VQQ4ENiqozxi,Still into You,5
1045,8,1QFh8OH1e78dGd3VyJZCAC,Boys Don't Cry,2
1045,9,2DmZ7aPhT5jkqLIYxTpQlJ,Walk Of Life,3
1045,10,6n4U3TlzUGhdSFbUUhTvLP,Walk It Talk It,4
1045,11,5bgwqaRSS3M8WHWruHgSL5,8TEEN,3
1045,12,0UHB9METy4VCXNgkcGqHqS,Kiss It Better,5
1046,0,4Dvkj6JhhA12EX05fT7y2e,As It Was,5
1046,1,3hRV0jL3vUpRrcy398teAU,The Night We Met,4
1046,2,1JSTJqkT5qHq8MDJnJbRE1,Every Breath You Take,5
1046,3,4CeeEOM32jQcH3eN9Q2dGj,Smells Like Teen Spirit,5
1046,4,2nLtzopw4rPReszdYBJU6h,Numb,5
1046,5,2ekn2ttSfGqwhhate0LSR0,New Rules,1
1046,6,3d0WouFnFmr0K3kjeza3fF,Hips Don't Lie (feat. Wyclef Jean),5
1046,7,3e7sxremeOE3wTySiOhGiP,Dusk Till Dawn (feat. Sia) - Radio Edit,2
1046,8,3DwQ7AH3xGD9h65ezslm6q,Enter Sandman - Remastered 2021,4
1046,9,4iJyoBOLtHqaGxP12qzhQI,Peaches (feat. Daniel Caesar & Giveon),2
1046,10,1rIKgCH4H52lrvDcz50hS8,Lush Life,1
1046,11,2rbDhOo9Fh61Bbu23T2qCk,Always Remember Us This Way,4
1046,12,42ydLwx4i5V49RXHOozJZq,Scars To Your Beautiful,1
1046,13,4pbJqGIASGPr0ZpGpnWkDn,We Will Rock You - Remastered 2011,5
1046,14,0afhq8XCExXpqazXczTSve,Galway Girl,4
1046,15,3YRCqOhFifThpSRFJ1VWFM,November Rain,5
1046,16,6bNB5gxFX6Q87DbQWb8OWZ,Waka Waka (This Time for Africa) [The Official 2010 FIFA World Cup (TM) Song] (feat. Freshlyground),2
1046,17,3rKYiySCDMUKTw5kGVVhaa,Marvin Gaye (feat. Meghan Trainor),3
1046,18,4y5bvROuBDPr5fuwXbIBZR,Paper Rings,4
1046,19,5awDvzxWfd53SSrsRZ8pXO,Du hast,5
1047,0,5CZ40GBx1sQ9agT82CLQCT,traitor,4
1047,1,5ihS6UUlyQAfmp48eSkxuQ,Landslide,5
1047,2,6zSpb8dQRaw0M1dK8PBwQz,Cold Heart - PNAU Remix,2
1047,3,3gVhsZtseYtY1fMuyYq06F,Sonne,1
1047,4,14BH4qO7pgCmIe6mgLKOK3,Someone To You,5
1047,5,4T6FWA703h6H7zk1FoSARw,New Light,3
1047,6,4l0Mvzj72xxOpRrp6h8nHi,Lose You To Love Me,4
1047,7,1V6gIisPpYqgFeWbMLI0bA,Heart Attack,5
1047,8,0ch8PUB8JRTMJqmdmfY46U,Photograph,3
1047,9,1MyWtH2yavuP1AHUi1X7ur,Sex - Radio Edit,1
1047,10,4RVwu0g32PAqgUiJoXsdF8,Happier Than Ever,5
1047,11,1otG6j1WHNvl9WgXLWkHTo,"After The Storm (feat. Tyler, The Creator & Bootsy Collins)",4
1047,12,0e8nrvls4Qqv5Rfa2UhqmO,THATS WHAT I WANT,4
1047,13,1lbXEepatjRVjoG8pZMtdp,Dreams,3
1047,14,5WDLRQ3VCdVrKw0njWe5E5,Careless Whisper,2
1047,15,2J6OF7CkpdQGSfm1wdclqn,Clouded,2
1047,16,12KUFSHFgT0XCoiSlvdQi4,Break Free,4
1047,17,3S2R0EVwBSAVMd5UMgKTL0,Thriller,5
1047,18,7v8WAn8jCdHiNhQMdnY1bt,Broccoli (feat. Lil Yachty),3
1047,19,4PMqSO5qyjpvzhlLI5GnID,Good Days,5
1048,0,6gBFPUFcJLzWGx4lenP6h2,goosebumps,3
1048,1,6DCZcSspjsKoFjzjrWoCdn,God's Plan,5
1048,2,003vvx7Niy0yvhvHt4a68B,Mr. Brightside,2
1048,3,2xLMifQCjDGFmkHkpNLD9h,SICKO MODE,1
1048,4,3yfqSUWxFvZELEM4PmlwIR,The Real Slim Shady,4
1048,5,3eekarcy7kvN4yt5ZFzltW,HIGHEST IN THE ROOM,4
1048,6,7FIWs0pqAYbP91WWM0vlTQ,Godzilla (feat. Juice WRLD),5
1048,7,1CmUZGtH29Kx36C1Hleqlz,Thrift Shop (feat. Wanz),3
1048,8,0KzAbK6nItSqNh8q70tb0K,Where Is My Mind?,3
1048,9,6pcywuOeGGWeOQzdUyti6k,Glock In My Lap,2
1048,10,3j84U36KvLeXNDPv4t5pI8,Pure Water (with Migos),1
1048,11,0M9ydKzuF3oZTfYYPfaGX1,Bad and Boujee (feat. Lil Uzi Vert),1
1048,12,5eqK0tbzUPo2SoeZsov04s,Bank Account,2
1048,13,0e7ipj03S05BNilyu5bRzt,rockstar (feat. 21 Savage),5
1048,14,7lQ8MOhq6IN2w8EYcFNSUk,Without Me,5
1048,15,1t9WgS8FN0534tLBRwbaxO,Whoopty,5
1049,0,2xLMifQCjDGFmkHkpNLD9h,SICKO MODE,5
1049,1,2nLtzopw4rPReszdYBJU6h,Numb,5
1049,2,0vbtURX4qv1l7besfwmnD8,I Took A Pill In Ibiza - Seeb Remix,4
1049,3,6ku3i5WNrsY3qhOq6ua9TL,Vem Dancar Kuduro,4
1049,4,3e7sxremeOE3wTySiOhGiP,Dusk Till Dawn (feat. Sia) - Radio Edit,3
1049,5,2iUXsYOEPhVqEBwsqP70rE,Youngblood,4
1049,6,34xGLuxM0rkxhCVyMSqwJO,Stolen Dance,3
1049,7,03aENfSuuy3VS0sbgH7u1D,Mi Gente,2
1049,8,1htQDV8JxSuXG2QsNj5ttr,Last Friday Night (T.G.I.F.),5
1049,9,78TTtXnFQPzwqlbtbwqN0y,FourFiveSeconds,4
1049,10,2RSHsoi04658QL5xgQVov3,Bad Liar,3
1049,11,4fouWK6XVHhzl78KzQ1UjL,abcdefu,2
1049,12,41Ee1u8ignxtICyaPI5OqO,Dior - Bonus,5
1049,13,127QTOFJsJQp5LbJbu3A1y,Toosie Slide,1
1049,14,5M830cD7MNeiiwIGHzH9TV,Bailando - Spanish Version,5
1049,15,31i56LZnwE6uSu3exoHjtB,Neverita,2
1049,16,6osaMSJh9NguagEDQcZaKx,Loco Contigo (feat. J. Balvin & Tyga),4
1050,0,2t8yVaLvJ0RenpXUIAC52d,a lot,5
1050,1,3s7MCdXyWmwjdcWh7GWXas,Violent Crimes,5
1050,2,2EEeOnHehOozLq4aS0n6SL,iSpy (feat. Lil Yachty),3
1050,3,3jbT1Y5MoPwEIpZndDDwVq,Adicto (with Anuel AA & Ozuna),2
1050,4,2hnMS47jN0etwvFPzYk11f,Santeria,1
1050,5,7xoUc6faLbCqZO6fQEYprd,One Last Time,3
1050,6,0OTO8ZF2YqFQVw9hnZylTd,"What Is Love - 7"" Mix",5
1050,7,6rmXhRIemCTPyMYZRDN7Qg,Black Magic,2
1050,8,244AvzGQ4Ksa5637JQu5Gy,You've Got The Love,1
1050,9,7F25roCtYi55JouckaayPC,Judas,1
1050,10,380HmhwTE2NJgawn1NwkXi,Rojo,2
1050,11,6rUp7v3l8yC4TKxAAR5Bmx,I Hate Everything About You,3
1050,12,2qhASBzpbFhPRtrnZ5lLnz,Unchained Melody,3
1050,13,00Blm7zeNqgYLPtW6zg8cj,One Right Now (with The Weeknd),5
1050,14,4Of7rzpRpV1mWRbhp5rAqG,Bruises,2
1050,15,3zU9rdflI65tK4dkkNSp77,Heroes (we could be),2
1051,0,3GZD6HmiNUhxXYf8Gch723,Lost,5
1051,1,2LMkwUfqC6S6s6qDVlEuzV,White Ferrari,5
1051,2,7eqoqGkKwgOaWNNHx90uEZ,Nights,5
1051,3,42qNWdLKCI41S4uzfamhFM,Duvet,4
1051,4,0fv2KH6hac06J86hBUTcSf,NEW MAGIC WAND,4
1051,5,5lnn4Z6EiS6JteADLcJNr0,pick up the phone,3
1051,6,72jbDTw1piOOj770jWNeaG,Paris,1
1051,7,3dhjNA0jGA8vHBQ1VdD6vV,I Feel It Coming,3
1051,8,5TRPicyLGbAF2LGBFbHGvO,Flashing Lights,5
1051,9,5JCoSi02qi3jJeHdZXMmR8,favorite crime,2
1051,10,6eT7xZZlB2mwyzJ2sUKG6w,White Iverson,4
1051,11,02wjCiDkdPubmmlAOhSgDF,Wrecking Ball,4
1051,12,3fVnlF4pGqWI9flVENcT28,Wildest Dreams,2
1052,0,1CmUZGtH29Kx36C1Hleqlz,Thrift Shop (feat. Wanz),4
1052,1,0xsItSF5TNi5JOJTvaAoaX,telepatía,3
1052,2,25t8tJRkbWyNGnbuVdIwwF,Best Day Of My Life,3
1052,3,1Ov37jtRQ2YNAe8HzfczkL,Wildest Dreams (Taylor's Version),2
1052,4,1bhUWB0zJMIKr9yVPrkEuI,Perfect Duet (Ed Sheeran & Beyoncé),5
1052,5,2AT8iROs4FQueDv2c8q2KE,R U Mine?,5
1052,6,29XbgaYB4Hs8vlLmpzkRgj,Naive,2
1052,7,1mXVgsBdtIVeCLJnSnmtdV,Too Good At Goodbyes,4
1052,8,6habFhsOp2NvshLv26DqMb,Despacito,4
1052,9,3GZD6HmiNUhxXYf8Gch723,Lost,3
1052,10,1000nHvUdawXuUHgBod4Wv,Panini,2
1052,11,1prZ0pr6XoRCxcrC3MCL0M,Everywhere,3
1052,12,7vu0JkJh0ldukEYbTVcqd0,Issues,3
1052,13,1pjvlYOMIg1NhGQbM6iwrY,Light It Up (feat. Nyla & Fuse ODG) [Remix],4
1052,14,6cx06DFPPHchuUAcTxznu9,Head & Heart (feat. MNEK),3
1053,0,0CokSRCu5hZgPxcZBaEzVE,Glorious (feat. Skylar Grey),3
1053,1,6RUKPb4LETWmmr3iAEQktW,Something Just Like This,5
1053,2,06s3QtMJVXw1AJX3UfvZG1,Hasta Que Dios Diga,2
1053,3,7FCfMXYTIiQ9b4hDYs4Iol,Be the One,3
1053,4,0BCPKOYdS2jbQ8iyB56Zns,Clocks,4
1053,5,0k4d5YPDr1r7FX77VdqWez,You Right,1
1053,6,6PCUP3dWmTjcTtXY02oFdT,Castle on the Hill,5
1053,7,5ry2OE6R2zPQFDO85XkgRb,Money In The Grave (Drake ft. Rick Ross),5
1053,8,2nMeu6UenVvwUktBCpLMK9,Young And Beautiful,4
1053,9,73SpzrcaHk0RQPFP73vqVR,No Time To Die,2
1053,10,3BovdzfaX4jb5KFQwoPfAw,Beat It,5
1053,11,5TxRUOsGeWeRl3xOML59Ai,ARE WE STILL FRIENDS?,3
1053,12,0Jlcvv8IykzHaSmj49uNW8,the 1,2
1053,13,5J7teKIJGtqVypgYI6sqXj,Una Vez,5
1053,14,7qCAVkHWZkF44OzOUKf8Cr,El Perdón (with Enrique Iglesias),5
1053,15,1tg0hS3Vw3HpKYD6FIGgDn,The Nights,4
1053,16,7MiZjKawmXTsTNePyTfPyL,Devil Eyes,3
1053,17,3wwo0bJvDSorOpNfzEkfXx,Let Me Know (I Wonder Why Freestyle),2
1053,18,4X5f3vT8MRuXF68pfjNte5,"F**kin' Problems (feat. Drake, 2 Chainz & Kendrick Lamar)",5
1053,19,3uwnnTQcHM1rDqSfA4gQNz,Cool for the Summer,3
1054,0,2QjOHCTQ1Jl3zawyYOpxh6,Sweater Weather,5
1054,1,4Dvkj6JhhA12EX05fT7y2e,As It Was,4
1054,2,3KkXRkHbMCARz0aVfEt68P,Sunflower - Spider-Man: Into the Spider-Verse,5
1054,3,7yq4Qj7cqayVTp3FF9CWbm,Riptide,5
1054,4,3dYD57lRAUcMHufyqn9GcI,Take Me To Church,5
1054,5,70LcF31zb1H0PyJoS1Sx1r,Creep,5
1054,6,5YtjgewpB55VaDbGw45uqB,INDUSTRY BABY,5
1054,7,3dPQuX8Gs42Y7b454ybpMR,Seven Nation Army,3
1054,8,3z8h0TU7ReDPLIbEnYhWZb,Bohemian Rhapsody,4
1054,9,00tt5cGPLbLjzupsKnZopj,"i hate u, i love u",3
1054,10,1BxfuPKGuaTgP7aM0Bbdwr,Cruel Summer,1
1054,11,5e9TFTbltYBg2xThimr0rU,The Chain - 2004 Remaster,1
1054,12,0tBbt8CrmxbjRP0pueQkyU,Wolves,2
1054,13,1ZgMsA55GIY7ICkQh5MILA,Space Song,4
1054,14,5AGQSF0ytihJyt96K5vW9d,Heartbeat,1
1055,0,1lbXEepatjRVjoG8pZMtdp,Dreams,5
1055,1,15og0pCEcTFWEXOFKdcJlU,Hate Me,2
1055,2,2SJjVtJpu5IV05sck9E5fW,Ahora Dice,1
1055,3,2aibwv5hGXSgw7Yru8IYTO,Snow (Hey Oh),5
1055,4,37f4ITSlgPX81ad2EvmVQr,Fight Song,2
1055,5,3ibKnFDaa3GhpPGlOUj7ff,Let Me Love You,2
1055,6,0DwClY2t9YAWHBROMIgrXb,Ho Hey,4
1055,7,5r5cp9IpziiIsR6b93vcnQ,Walking On A Dream,4
1055,8,10nyNJ6zNy2YVYLrcwLccB,No Surprises,4
1055,9,6etwirSInfuJrSOlogS6Sh,American Boy,2
1055,10,009ImBOrIUlWgla8U05RAC,Unconditionally,2
1055,11,5T7ZFtCcOgkpjxcuaeZbw0,Best Song Ever,3
1055,12,6700Z4Izi8EbB6JNthU6Ma,Hold Me While You Wait,2
1055,13,6iaSML1PIYq936g62BDtBq,Robbery,2
1055,14,70smu7ojvXHycIMfw8BSBc,On Top Of The World,4
1055,15,6ic8OlLUNEATToEFU3xmaH,Gimme More,4
1055,16,3qX1dqmDdmMvvfMVfsx4Bh,m.A.A.d city,4
1055,17,57BrRMwf9LrcmuOsyGilwr,Crawling,4
1055,18,0BxfFnk0YzONqvmrkO0QrB,Don't Cha,1
1055,19,6I86RF3odBlcuZA9Vfjzeq,Eres Mía,4
1056,0,7MXVkk9YMctZqd1Srtv4MB,Starboy,5
1056,1,4Dvkj6JhhA12EX05fT7y2e,As It Was,3
1056,2,3dYD57lRAUcMHufyqn9GcI,Take Me To Church,4
1056,3,09mEdoA6zrmBPgTEN5qXmN,Call Out My Name,5
1056,4,4MagTPnkPiDuIa4P8GtW1b,I Like Me Better,2
1056,5,0mHoYdQ04Jd4XZ2n8VRNep,The Less I Know The Better,3
1056,6,1oAwsWBovWRIp7qLMGPIet,Apocalypse,2
1056,7,3BJe4B8zGnqEdQPMvfVjuS,Summertime Sadness,4
1056,8,49FYlytm3dAAraYgpoJZux,Umbrella,4
1056,9,0dE0TVR4av3kNDHLmKwu3n,Sweet but Psycho,1
1056,10,1QV6tiMFM6fSOKOGLMHYYg,Poker Face,4
1056,11,7sO5G9EABYOXQKNPNiE9NR,Ric Flair Drip (with Metro Boomin),5
1056,12,0qOnSQQF0yzuPWsXrQ9paz,Stereo Hearts (feat. Adam Levine),4
1056,13,6Qs4SXO9dwPj5GKvVOv8Ki,Dancing With A Stranger (with Normani),3
1057,0,3YRCqOhFifThpSRFJ1VWFM,November Rain,4
1057,1,3f7gYMirBEKuc57218BjOY,California Gurls,4
1057,2,4gMgiXfqyzZLMhsksGmbQV,"Another Brick in the Wall, Pt. 2",5
1057,3,3lyHyxVE8JHvNz75wBmExR,Master Of Puppets - Remastered,3
1057,4,3vkQ5DAB1qQMYO4Mr9zJN6,Gimme! Gimme! Gimme! (A Man After Midnight),3
1057,5,4Y7XAxTANhu3lmnLAzhWJW,Fireball (feat. John Ryan),4
1057,6,5O4erNlJ74PIF6kGol1ZrC,Could You Be Loved,4
1057,7,1e1JKLEDKP7hEQzJfNAgPl,Magnolia,4
1057,8,5XeFesFbtLpXzIVDNQP22n,I Wanna Be Yours,4
1057,9,3KkXRkHbMCARz0aVfEt68P,Sunflower - Spider-Man: Into the Spider-Verse,1
1057,10,22skzmqfdWrjJylampe0kt,Can't Hold Us (feat. Ray Dalton),4
1057,11,3z8h0TU7ReDPLIbEnYhWZb,Bohemian Rhapsody,4
1057,12,5FVd6KXrgO9B3JPmC8OPst,Do I Wanna Know?,4
1057,13,7snQQk1zcKl8gZ92AnueZW,Sweet Child O' Mine,3
1057,14,7qiZfU4dY1lWllzX7mPBI3,Shape of You,1
1057,15,4rmFRTmHa2bWUmMLIRVEXQ,Uptown Funk,5
1057,16,1XGmzt0PVuFgQYYnV2It7A,Payphone,4
1057,17,5HNCy40Ni5BZJFw1TKzRsC,Comfortably Numb,5
1058,0,7mDTvYD2ieE4Q28XFziMfJ,Cry,5
1058,1,04sN26COy28wTXYj3dMoiZ,Bored,4
1058,2,4tqcoej1zPvwePZCzuAjJd,Wet Dreamz,2
1058,3,76FZM38RC8XaAjJ77CVTNe,Into You,3
1058,4,7DfFc7a6Rwfi3YQMRbDMau,Thinkin Bout You,5
1058,5,0BCPKOYdS2jbQ8iyB56Zns,Clocks,2
1058,6,6Qn5zhYkTa37e91HC1D7lb,Whatever It Takes,5
1058,7,6VObnIkLVruX4UVyxWhlqm,Skyfall,5
1058,8,3TpQSUTOSzTUwrgtvl4lRa,Rewrite The Stars,3
1058,9,2xLMifQCjDGFmkHkpNLD9h,SICKO MODE,5
1058,10,41oY4WCTj5kccfesTVFnvN,Tarot,2
1058,11,0BxfFnk0YzONqvmrkO0QrB,Don't Cha,4
1058,12,7szuecWAPwGoV1e5vGu8tl,In Your Eyes,3
1058,13,6ebkx7Q5tTxrCxKq4GYj0Y,Club Can't Handle Me (feat. David Guetta),4
1058,14,2UikqkwBv7aIvlixeVXHWt,You Should Probably Leave,1
1058,15,00Mb3DuaIH1kjrwOku9CGU,Sk8er Boi,5
1058,16,1mXVgsBdtIVeCLJnSnmtdV,Too Good At Goodbyes,5
1058,17,6Gg1gjgKi2AK4e0qzsR7sd,Bandit (with YoungBoy Never Broke Again),2
1058,18,7FCfMXYTIiQ9b4hDYs4Iol,Be the One,1
1058,19,6TfBA04WJ3X1d1wXhaCFVT,"You're Gonna Go Far, Kid",4
1058,20,2N8m6CYs74qQO4mjVcXO30,Dance Monkey,5
1058,21,2EqlS6tkEnglzr7tkKAAYD,Come Together - Remastered 2009,4
1058,22,3RAFcUBrCNaboRXoP3S5t1,Psychosocial,2
1058,23,5masKPHeAOVNgxdLebIcK7,Stole the Show,2
1058,24,27mw0pQTrbuhGSdwKvGIho,Leave Before You Love Me,1
1058,25,6fNhZRFEkBfgW39W3wKARJ,Pompeii,2
1058,26,6Knv6wdA0luoMUuuoYi2i1,My House,5
1058,27,5Z3GHaZ6ec9bsiI5BenrbY,Young Dumb & Broke,4
1058,28,20I6sIOMTCkB6w7ryavxtO,Call Me Maybe,3
1058,29,7uoFMmxln0GPXQ0AcCBXRq,Snowman,5
1058,30,6qn9YLKt13AGvpq9jfO8py,We Found Love,5
1058,31,3H7ihDc1dqLriiWXwsc2po,Breaking Me,2
1058,32,2LKOHdMsL0K9KwcPRlJK2v,After Dark,2
1058,33,6iaSML1PIYq936g62BDtBq,Robbery,5
1058,34,0gb1J5UrTpzaU1s3nupgCd,No Money,5
1058,35,1V6gIisPpYqgFeWbMLI0bA,Heart Attack,4
1058,36,5CZ40GBx1sQ9agT82CLQCT,traitor,5
1058,37,23WI5V2eD4EyGKxSl7Pyeq,Andas En Mi Cabeza,4
1059,0,2nMeu6UenVvwUktBCpLMK9,Young And Beautiful,5
1059,1,2zYzyRzz6pRmhPzyfMEC8s,Highway to Hell,1
1059,2,2P4OICZRVAQcYAV2JReRfj,Waiting For Love,2
1059,3,21NCGGNi8fWoHT1rWYFTbr,Let You Down,4
1059,4,4tCtwWceOPWzenK2HAIJSb,Work from Home (feat. Ty Dolla $ign),3
1059,5,7ycWLEP1GsNjVvcjawXz3z,Praise The Lord (Da Shine) (feat. Skepta),4
1059,6,0wwPcA6wtMf6HUMpIRdeP7,Hotline Bling,1
1059,7,0afhq8XCExXpqazXczTSve,Galway Girl,2
1059,8,1p0rEzrK7YtdRZVtiyV7RN,Lemonade (feat. NAV),3
1059,9,0FpOBRl7y5tetQwtNLsgNg,WAP,5
1059,10,1J14CdDAvBTE1AJYUOwl6C,Arcade,2
1059,11,5JCoSi02qi3jJeHdZXMmR8,favorite crime,3
1059,12,2igwFfvr1OAGX9SKDCPBwO,Empire State Of Mind,4
1060,0,27mw0pQTrbuhGSdwKvGIho,Leave Before You Love Me,3
1060,1,3TpQSUTOSzTUwrgtvl4lRa,Rewrite The Stars,3
1060,2,7mDTvYD2ieE4Q28XFziMfJ,Cry,5
1060,3,00Mb3DuaIH1kjrwOku9CGU,Sk8er Boi,5
1060,4,04sN26COy28wTXYj3dMoiZ,Bored,3
1060,5,2UikqkwBv7aIvlixeVXHWt,You Should Probably Leave,3
1060,6,23WI5V2eD4EyGKxSl7Pyeq,Andas En Mi Cabeza,4
1060,7,7DfFc7a6Rwfi3YQMRbDMau,Thinkin Bout You,2
1060,8,3H7ihDc1dqLriiWXwsc2po,Breaking Me,5
1060,9,1mXVgsBdtIVeCLJnSnmtdV,Too Good At Goodbyes,4
1060,10,6qn9YLKt13AGvpq9jfO8py,We Found Love,3
1060,11,0BCPKOYdS2jbQ8iyB56Zns,Clocks,4
1060,12,7FCfMXYTIiQ9b4hDYs4Iol,Be the One,5
1060,13,7szuecWAPwGoV1e5vGu8tl,In Your Eyes,5
1060,14,6Knv6wdA0luoMUuuoYi2i1,My House,2
1060,15,0BxfFnk0YzONqvmrkO0QrB,Don't Cha,1
1060,16,2xLMifQCjDGFmkHkpNLD9h,SICKO MODE,1
1060,17,6Gg1gjgKi2AK4e0qzsR7sd,Bandit (with YoungBoy Never Broke Again),1
1060,18,20I6sIOMTCkB6w7ryavxtO,Call Me Maybe,5
1060,19,6fNhZRFEkBfgW39W3wKARJ,Pompeii,1
1061,0,0OMRAvrtLWE2TvcXorRiB9,La Gozadera (feat. Marc Anthony),3
1061,1,5WzfCu5fhgm7jv896EN1Md,She,1
1061,2,2EoOZnxNgtmZaD8uUmz2nD,Black Hole Sun,4
1061,3,4fixebDZAVToLbUCuEloa2,Womanizer,2
1061,4,1LiN0Z98FkR1t0m8KmLcAH,Amanece,2
1061,5,22L7bfCiAkJo5xGSQgmiIO,All Of The Lights,3
1061,6,4l0Mvzj72xxOpRrp6h8nHi,Lose You To Love Me,4
1061,7,3Ol2xnObFdKV9pmRD2t9x8,Look Back at It,3
1061,8,0O45fw2L5vsWpdsOdXwNAR,SexyBack (feat. Timbaland),4
1061,9,7eB1V5LvAdxCc7brfGhRRo,watch,4
1061,10,1r299qCKBLgUS9XJ9m1kEx,Moves Like Jagger,4
1061,11,18lR4BzEs7e3qzc0KVkTpU,What I've Done,5
1061,12,5WHTFyqSii0lmT9R21abT8,Don't Call Me Up,5
1062,0,6Qn5zhYkTa37e91HC1D7lb,Whatever It Takes,3
1062,1,6HZILIRieu8S0iqY8kIKhj,DNA.,5
1062,2,4cluDES4hQEUhmXj6TXkSo,What Makes You Beautiful,2
1062,3,7zZV0st7iiQSz5Rlarl77U,Fireflies,3
1062,4,7wBJfHzpfI3032CSD7CE2m,STARGAZING,1
1062,5,63OQupATfueTdZMWTxW03A,Karma Police,5
1062,6,6RiiSy9GzSwiyDEJDiMuKe,Something About You,2
1062,7,3koCCeSaVUyrRo3N2gHrd8,Let's Groove,5
1062,8,2MuWTIM3b0YEAskbeeFE1i,Master Of Puppets,5
1062,9,51Fjme0JiitpyXKuyQiCDo,Lalala,1
1062,10,7EAMXbLcL0qXmciM5SwMh2,Heart To Heart,5
1062,11,2X485T9Z5Ly0xyaghN73ed,Let It Happen,5
1062,12,00Mb3DuaIH1kjrwOku9CGU,Sk8er Boi,2
1062,13,4LhgwcTWwJQc6DFTkLXVEc,Legends Never Die,4
1062,14,4pt5fDVTg5GhEvEtlz9dKk,I WANNA BE YOUR SLAVE,2
1062,15,5adqS3stLaSPAEOszOnpXG,DUELE EL CORAZON,1
1062,16,2ngmiq1KoYn3x25VOmvd8F,DNA,1
1062,17,5e9TFTbltYBg2xThimr0rU,The Chain - 2004 Remaster,5
1062,18,60ynsPSSKe6O3sfwRnIBRf,Streets,4
1062,19,7euZJfqlLgc7rAFsgc88LY,love nwantiti (ah ah ah),2
1063,0,6W21LNLz9Sw7sUSNWMSHRu,Freak On a Leash,4
1063,1,3L7RtEcu1Hw3OXrpnthngx,Don't You Want Me,4
1063,2,5Z3GHaZ6ec9bsiI5BenrbY,Young Dumb & Broke,1
1063,3,2wBnZdVWa5jVpvYRfGU7rP,Mary On A Cross,1
1063,4,0yNttAVwMr39qyODHNIkrY,Never Gonna Give You Up (2022 Remaster),5
1063,5,41Ee1u8ignxtICyaPI5OqO,Dior - Bonus,1
1063,6,3k3NWokhRRkEPhCzPmV8TW,Ojitos Lindos,2
1063,7,0cGG2EouYCEEC3xfa0tDFV,Tainted Love,2
1063,8,7FCfMXYTIiQ9b4hDYs4Iol,Be the One,4
1063,9,0t3ZvGKlmYmVsDzBJAXK8C,Goodbyes (feat. Young Thug),2
1063,10,4e9eGQYsOiBcftrWXwsVco,Aerials,2
1063,11,0jWgAnTrNZmOGmqgvHhZEm,What's Up?,1
1063,12,2fmyrECK6bdfoGven0UMZx,Naked,5
1063,13,5DxXgozhkPLgrbKFY91w0c,Vete,1
1063,14,3CA9pLiwRIGtUBiMjbZmRw,Nice For What,2
1063,15,7Ie9W94M7OjPoZVV216Xus,Not Afraid,5
1063,16,2PzU4IB8Dr6mxV3lHuaG34,(I Can't Get No) Satisfaction - Mono,3
1063,17,4cluDES4hQEUhmXj6TXkSo,What Makes You Beautiful,4
1063,18,0Z2J91b2iTGLVTZC4fKgxf,Hit 'Em Up - Single Version,5
1063,19,6qL5UWxRSQYml9O99ozoLv,Love Songs - Bonus,3
1063,20,7Ewz6bJ97vUqk5HdkvguFQ,Heaven,4
1063,21,7MXVkk9YMctZqd1Srtv4MB,Starboy,4
1063,22,2ogKhhoMClkFXek7ZgxAhN,Shameless,4
1063,23,41zXlQxzTi6cGAjpOXyLYH,idontwannabeyouanymore,4
1063,24,6GnhWMhgJb7uyiiPEiEkDA,Weekend (feat. Miguel),2
1063,25,6x4tKaOzfNJpEJHySoiJcs,Mambo No. 5 (a Little Bit of...),1
1063,26,6ifUES3keWjwXgae8pXI3o,Me Rehúso,1
1063,27,6FZDfxM3a3UCqtzo5pxSLZ,Without Me,4
1063,28,1v6svH1Fyx9C1nIt1mA2DT,All I Want,2
1063,29,6kvoHl80mfCVTv7XnZkjQn,"It Must Have Been Love - From the Film ""Pretty Woman""",3
1063,30,4OafepJy2teCjYJbvFE60J,breathin,5
1063,31,7iDa6hUg2VgEL1o1HjmfBn,Meant to Be (feat. Florida Georgia Line),4
1063,32,6EDO9iiTtwNv6waLwa1UUq,POPSTAR (feat. Drake),4
1063,33,5CQ30WqJwcep0pYcV4AMNc,Stairway to Heaven - Remaster,4
1063,34,76cy1WJvNGJTj78UqeA5zr,IDGAF,4
1063,35,1pjvlYOMIg1NhGQbM6iwrY,Light It Up (feat. Nyla & Fuse ODG) [Remix],2
1063,36,76FZM38RC8XaAjJ77CVTNe,Into You,3
1063,37,2FY7b99s15jUprqC0M5NCT,Natural,4
1063,38,2YlZnw2ikdb837oKMKjBkW,Like I'm Gonna Lose You (feat. John Legend),2
1063,39,3B5UbSndRz907IZhhmUfLi,Count on Me,4
1063,40,4VQH4VluDUOsOuDxccTeyN,Sanctuary,5
1063,41,1Hv1VTm8zeOeybub15mA2R,Smooth Operator - Single Version,4
1063,42,6Xom58OOXk2SoU711L2IXO,Moscow Mule,4
1063,43,7cgu4JBW3hq1GwTM1ilkKQ,Talking Body,3
1063,44,2ksOAxtIxY8yElEWw8RhgK,China,3
1063,45,0RLLvYBopDwooCyvnTwgYu,F.N,3
1063,46,1ixbwbeBi5ufN4noUKmW5a,Paper Planes,4
1063,47,3JsydWaf2Ev4ehaLUjj3SY,Confident,4
1064,0,3KkXRkHbMCARz0aVfEt68P,Sunflower - Spider-Man: Into the Spider-Verse,3
1064,1,4Dvkj6JhhA12EX05fT7y2e,As It Was,5
1064,2,3dYD57lRAUcMHufyqn9GcI,Take Me To Church,5
1064,3,1hewNsVmijBqjKvFRQfk4m,bad guy,5
1064,4,4ml4WlnHDEpOK8HRVYTCWf,drivers license,5
1064,5,3ee8Jmje8o58CHK66QrVC2,SAD!,3
1064,6,1SKPmfSYaPsETbRHaiA18G,Somewhere Only We Know,5
1064,7,5DnT9a5IM3eMjKgXTWVJvi,Have You Ever Seen The Rain,5
1064,8,3e9HZxeyfWwjeyPAMmWSSQ,"thank u, next",4
1064,9,7dt6x5M1jzdTEt8oCbisTK,Better Now,3
1064,10,5QDLhrAOJJdNAmCTJ8xMyW,Dynamite,3
1064,11,6Sq7ltF9Qa7SNFBsV5Cogx,Me Porto Bonito,1
1064,12,0FDzzruyVECATHXKHFs9eJ,A Sky Full of Stars,5
1064,13,2grjqo0Frpf2okIBiifQKs,September,2
1064,14,3e7sxremeOE3wTySiOhGiP,Dusk Till Dawn (feat. Sia) - Radio Edit,4
1064,15,6HU7h9RYOaPRFeh0R3UeAr,deja vu,5
1064,16,2zYzyRzz6pRmhPzyfMEC8s,Highway to Hell,4
1064,17,3BJe4B8zGnqEdQPMvfVjuS,Summertime Sadness,4
1064,18,3ZCTVFBt2Brf31RLEnCkWJ,everything i wanted,5
1064,19,1r9xUipOqoNwggBpENDsvJ,Enemy (with JID) - from the series Arcane League of Legends,5
1065,0,7lQ8MOhq6IN2w8EYcFNSUk,Without Me,5
1065,1,561jH07mF1jHuk7KlaeF0s,Mockingbird,5
1065,2,5cF0dROlMOK5uNZtivgu50,Attention,4
1065,3,1qDrWA6lyx8cLECdZE7TV7,Somebody That I Used To Know,3
1065,4,08mG3Y1vljYA6bvDt4Wqkj,Back In Black,4
1065,5,03aENfSuuy3VS0sbgH7u1D,Mi Gente,2
1065,6,3BJe4B8zGnqEdQPMvfVjuS,Summertime Sadness,3
1065,7,49FYlytm3dAAraYgpoJZux,Umbrella,3
1065,8,1htQDV8JxSuXG2QsNj5ttr,Last Friday Night (T.G.I.F.),4
1065,9,20uYAdCEoIkSZStIfPW1TB,Taki Taki,2
1065,10,1wIyr1y5wiWqo7nqbxHpWt,FRIENDS,5
1065,11,26nr9XnFCYWxBTIP7HyWXg,Toxic,3
1065,12,5WDLRQ3VCdVrKw0njWe5E5,Careless Whisper,4
1065,13,4lCv7b86sLynZbXhfScfm2,Firework,4
1065,14,4tqcoej1zPvwePZCzuAjJd,Wet Dreamz,3
1065,15,0y1QJc3SJVPKJ1OvFmFqe6,Way down We Go,3
1066,0,5qaEfEh1AtSdrdrByCP7qR,Demons,4
1066,1,7dyluIqv7QYVTXXZiMWPHW,Numb / Encore,5
1066,2,6f3Slt0GbA2bPZlz0aIFXN,The Business,1
1066,3,01BLFXACRypODfqC7wUgWo,Body Like A Back Road,2
1066,4,4jTiyLlOJVJj3mCr7yfPQD,This Could Be Us,4
1066,5,1RKUoGiLEbcXN4GY4spQDx,Clint Eastwood,2
1066,6,4CNweIcprjglbPbzDptf6m,Where Is The Love?,1
1066,7,57bgtoPSgt236HzfBOd8kj,Thunderstruck,3
1066,8,7yNf9YjeO5JXUE3JEBgnYc,Babydoll,1
1066,9,5hM5arv9KDbCHS0k9uqwjr,Borderline,2
1066,10,6ie2Bw3xLj2JcGowOlcMhb,Green Light,1
1066,11,5FVd6KXrgO9B3JPmC8OPst,Do I Wanna Know?,4
1066,12,5ivF4eQBqJiVL5IAE9jRyl,I Won't Give Up,1
1066,13,3oL3XRtkP1WVbMxf7dtTdu,The One That Got Away,4
1066,14,6V7g6qM8wheMivMWrzbPTM,Leave Me Alone,2
1066,15,1tg0hS3Vw3HpKYD6FIGgDn,The Nights,2
1066,16,6habFhsOp2NvshLv26DqMb,Despacito,2
1066,17,5G1sTBGbZT5o4PNRc75RKI,Lonely Boy,2
1066,18,2uHuiBFzEwLK87yteAUOwW,The Lazy Song,1
1066,19,7EAMXbLcL0qXmciM5SwMh2,Heart To Heart,1
1067,0,3DwQ7AH3xGD9h65ezslm6q,Enter Sandman - Remastered 2021,5
1067,1,7qiZfU4dY1lWllzX7mPBI3,Shape of You,3
1067,2,0pqnGHJpmpxLKifKRmU6WP,Believer,3
1067,3,3AJwUDP919kvQ9QcozQPxg,Yellow,2
1067,4,0e7ipj03S05BNilyu5bRzt,rockstar (feat. 21 Savage),1
1067,5,6m1TWFMeon7ai9XLOzdbiR,FAKE LOVE,1
1067,6,2MuWTIM3b0YEAskbeeFE1i,Master Of Puppets,5
1067,7,02xhLoVqpGmOqvolgrwM8w,One,5
1067,8,5anCkDvJ17aznvK5TED5uo,Hail to the King,5
1067,9,6W21LNLz9Sw7sUSNWMSHRu,Freak On a Leash,5
1067,10,5awDvzxWfd53SSrsRZ8pXO,Du hast,5
1067,11,6WrI0LAC5M1Rw2MnX2ZvEg,Don't Start Now,2
1067,12,0cqRj7pUJDkTCEsJkx8snD,Shake It Off,4
1068,0,21 Guns,,5
1068,1,Locked out of Heaven,,5
1068,2,The Real Slim Shady,,5
1068,3,One Last Time,,2
1068,4,Happier,,4
1068,5,20 Min,,1
1068,6,What I've Done,,5
1068,7,bellyache,,4
1068,8,Fluorescent Adolescent,,3
1068,9,K.,,4
1068,10,QUE PRETENDES,,2
1068,11,Pon de Replay,,5
1068,12,Knockin' On Heaven's Door,,5
1068,13,21 Questions,,3
1068,14,Let It Be - Remastered 2009,,5
1068,15,Cruel Summer,,4
1068,16,Diet Mountain Dew,,5
1068,17,Imagine - Remastered 2010,,4
1068,18,Best Friend,,5
1068,19,Womanizer,,5
1069,0,2QjOHCTQ1Jl3zawyYOpxh6,Sweater Weather,5
1069,1,3USxtqRwSYz57Ewm6wWRMp,Heat Waves,3
1069,2,6gBFPUFcJLzWGx4lenP6h2,goosebumps,5
1069,3,1hewNsVmijBqjKvFRQfk4m,bad guy,1
1069,4,7KA4W4McWYRpgf0fWsJZWB,See You Again (feat. Kali Uchis),3
1069,5,2xLMifQCjDGFmkHkpNLD9h,SICKO MODE,4
1069,6,7m9OqQk4RVRkw9JJdeAw96,Jocelyn Flores,2
1069,7,7J1uxwnxfQLu4APicE5Rnj,Billie Jean,4
1069,8,0vbtURX4qv1l7besfwmnD8,I Took A Pill In Ibiza - Seeb Remix,3
1069,9,6qn9YLKt13AGvpq9jfO8py,We Found Love,4
1069,10,20I6sIOMTCkB6w7ryavxtO,Call Me Maybe,2
1069,11,2X485T9Z5Ly0xyaghN73ed,Let It Happen,5
1069,12,7iXr5Ke8gBteNYwNe0UENp,Hymn for the Weekend,4
1069,13,1rIKgCH4H52lrvDcz50hS8,Lush Life,2
1069,14,4pt5fDVTg5GhEvEtlz9dKk,I WANNA BE YOUR SLAVE,3
1069,15,0SiywuOBRcynK0uKGWdCnn,Bad Romance,4
1070,0,35mvY5S1H3J2QZyna3TFe0,positions,2
1070,1,55n9yjI6qqXh5F2mYvUc2y,I Don’t Wanna Live Forever (Fifty Shades Darker),2
1070,2,1oew3nFNY3vMacJAsvry0S,Me And My Broken Heart,4
1070,3,45S5WTQEGOB1VHr1Q4FuPl,Golden,4
1070,4,0afhq8XCExXpqazXczTSve,Galway Girl,3
1070,5,5fVZC9GiM4e8vu99W0Xf6J,How to Save a Life,5
1070,6,4nVBt6MZDDP6tRVdQTgxJg,Story of My Life,4
1070,7,20uYAdCEoIkSZStIfPW1TB,Taki Taki,2
1070,8,3DarAbFujv6eYNliUTyqtz,Kiss Me More (feat. SZA),5
1070,9,7snQQk1zcKl8gZ92AnueZW,Sweet Child O' Mine,1
1070,10,1CQ2cMfrmFM1YdfmjENKVE,She Looks So Perfect,4
1071,0,0pqnGHJpmpxLKifKRmU6WP,Believer,4
1071,1,7lQ8MOhq6IN2w8EYcFNSUk,Without Me,5
1071,2,68Dni7IE4VyPkTOH9mRWHr,No Role Modelz,3
1071,3,3DarAbFujv6eYNliUTyqtz,Kiss Me More (feat. SZA),1
1071,4,74tLlkN3rgVzRqQJgPfink,Money Trees,2
1071,5,40riOy7x9W7GXjyGp4pjAv,Hotel California - 2013 Remaster,5
1071,6,76cy1WJvNGJTj78UqeA5zr,IDGAF,1
1071,7,4EWCNWgDS8707fNSZ1oaA5,Heartless,5
1071,8,4Ed0yjbAZDmwuYnVoYXzDB,Rockabye,1
1071,9,503OTo2dSqe7qk76rgsbep,Still D.R.E.,5
1071,10,1BxfuPKGuaTgP7aM0Bbdwr,Cruel Summer,2
1071,11,2L8B3sLZ2GW6x5ajeiH8bS,Love Yourself,3
1071,12,2ENexcMEMsYk0rVJigVD3i,Only Girl (In The World),3
1071,13,6Qn5zhYkTa37e91HC1D7lb,Whatever It Takes,4
1071,14,0wwPcA6wtMf6HUMpIRdeP7,Hotline Bling,4
1072,0,77dMSg2VHi2wwXjXNrmcrZ,Nena Maldición (feat. Lenny Tavárez),4
1072,1,4I2ENHg65RuKifEHdD0kMu,Alors On Danse,5
1072,2,2VOomzT6VavJOGBeySqaMc,Disturbia,2
1072,3,1oFAF1hdPOickyHgbuRjyX,Save Your Tears (Remix) (with Ariana Grande) - Bonus Track,5
1072,4,29XbgaYB4Hs8vlLmpzkRgj,Naive,3
1072,5,7LRMbd3LEoV5wZJvXT1Lwb,T.N.T.,1
1072,6,3j84U36KvLeXNDPv4t5pI8,Pure Water (with Migos),4
1072,7,1almCHdsfikRPfVB9VrEdT,Little Do You Know,5
1072,8,3s7MCdXyWmwjdcWh7GWXas,Violent Crimes,1
1072,9,5jW3rF4URMdK7tO2xjS5EI,Tal Vez,3
1072,10,01BLFXACRypODfqC7wUgWo,Body Like A Back Road,3
1072,11,3HVWdVOQ0ZA45FuZGSfvns,I Don't Care (with Justin Bieber),3
1072,12,4T6FWA703h6H7zk1FoSARw,New Light,4
1072,13,6CcJMwBtXByIz4zQLzFkKc,i love you,5
1072,14,4l0RmWt52FxpVxMNni6i63,you broke me first,2
1072,15,244AvzGQ4Ksa5637JQu5Gy,You've Got The Love,3
1072,16,0G21yYKMZoHa30cYVi1iA8,Welcome To The Jungle,2
1072,17,4gMgiXfqyzZLMhsksGmbQV,"Another Brick in the Wall, Pt. 2",2
1072,18,5txoZyuAmtCfmDjUCEphWm,Somebody To Love,3
1072,19,4DMKwE2E2iYDKY01C335Uw,Carry on Wayward Son,2
1073,0,4Dvkj6JhhA12EX05fT7y2e,As It Was,4
1073,1,6HU7h9RYOaPRFeh0R3UeAr,deja vu,2
1073,2,65H6t1WQBim6q93yM8fEwn,Obsesion,1
1073,3,39sDitIeCMrVX2QyXHY46t,Blue Hair,3
1073,4,14iN3o8ptQ8cFVZTEmyQRV,I Kissed A Girl,4
1073,5,0F7FA14euOIX8KcbEturGH,Old Town Road,4
1073,6,1prZ0pr6XoRCxcrC3MCL0M,Everywhere,1
1073,7,15EPc80XuFrb2LmOzGjuRg,Crew (feat. Brent Faiyaz & Shy Glizzy),2
1073,8,7H6ev70Weq6DdpZyyTmUXk,Say My Name,2
1073,9,47EiUVwUp4C9fGccaPuUCS,DÁKITI,3
1073,10,4nVBt6MZDDP6tRVdQTgxJg,Story of My Life,2
1073,11,6QgjcU0zLnzq5OrUoSZ3OK,Feel It Still,5
1073,12,41zXlQxzTi6cGAjpOXyLYH,idontwannabeyouanymore,3
1073,13,6GyFP1nfCDB8lbD2bG0Hq9,Midnight City,3
1073,14,3Ek7BRwu6eO2kSeNMlZC1A,Hey Mama,5
1073,15,27GmP9AWRs744SzKcpJsTZ,Jumpman,1
1073,16,2AP7m2dBb8ULTx4Gc1rdMc,Juicy,2
1073,17,0tBbt8CrmxbjRP0pueQkyU,Wolves,4
1073,18,5B5eTk7DF8KVp1zpQoY1XY,The Reason,2
1073,19,3YRCqOhFifThpSRFJ1VWFM,November Rain,2
1074,0,7LRMbd3LEoV5wZJvXT1Lwb,T.N.T.,1
1074,1,2USlegnFJLrVLpoVfPimKB,Thunder,4
1074,2,0UFDKFqW2oGspYeYqo9wjA,Bleed It Out,4
1074,3,2vXKRlJBXyOcvZYTdNeckS,Lost in the Fire (feat. The Weeknd),2
1074,4,6XHVuErjQ4XNm6nDPVCxVX,No Guidance (feat. Drake),2
1074,5,3M214U0mwSm041GsQR3nrO,Toxic,1
1074,6,15rjQH7nTcTomKwfVMd4xl,Go Your Own Way,1
1074,7,0rTV5WefWd1J3OwIheTzxM,Talk,4
1074,8,3CA9pLiwRIGtUBiMjbZmRw,Nice For What,2
1074,9,44ONERBHALxftQNWq6dmyd,Side To Side,4
1075,0,68Dni7IE4VyPkTOH9mRWHr,No Role Modelz,1
1075,1,7795WJLVKJoAyVoOtCWqXN,I'm Not The Only One,2
1075,2,1mKXFLRA179hdOWQBwUk9e,Just Give Me a Reason (feat. Nate Ruess),3
1075,3,6QgjcU0zLnzq5OrUoSZ3OK,Feel It Still,5
1075,4,5fVZC9GiM4e8vu99W0Xf6J,How to Save a Life,2
1075,5,1CmUZGtH29Kx36C1Hleqlz,Thrift Shop (feat. Wanz),4
1075,6,2FY7b99s15jUprqC0M5NCT,Natural,5
1075,7,4lhqb6JvbHId48OUJGwymk,Hey Brother,5
1075,8,6hmhG1b4LEyNuashVvuIAo,Never Forget You,3
1075,9,1NZs6n6hl8UuMaX0UC0YTz,Brooklyn Baby,2
1075,10,6Nle9hKrkL1wQpwNfEkxjh,Chanel,3
1075,11,4dVpf9jZjcORqGTLUaeYj9,Plain Jane,3
1075,12,1R0hxCA5R7z5TiaXBZR7Mf,SOLO,4
1075,13,2AY1UAimvTqjJC8vDJsOyy,Mayores,2
1075,14,49X0LAl6faAusYq02PRAY6,Lady - Hear Me Tonight,5
1075,15,7Ewz6bJ97vUqk5HdkvguFQ,Heaven,3
1075,16,0W4NhJhcqKCqEP2GIpDCDq,Love,1
1075,17,5vHLwhxxlGzmClMcxRRFPr,Lithium,4
1075,18,39cmB3ZoTOLwOTq7tMNqKa,Hear Me Now,5
1075,19,3taCbWWTilb7eNMsAzOBq4,Radio,2
1076,0,1GEBsLDvJGw7kviySRI6GX,You Belong With Me,2
1076,1,4T6FWA703h6H7zk1FoSARw,New Light,3
1076,2,11LmqTE2naFULdEP94AUBa,Heart-Shaped Box,5
1076,3,0pqnGHJpmpxLKifKRmU6WP,Believer,5
1076,4,3EWaR09H3TkRgaLTIheYFr,XO Tour Llif3,4
1076,5,6iaSML1PIYq936g62BDtBq,Robbery,4
1076,6,6bvZRLLkBKkmgpBJTTj3QK,How You Like That,3
1076,7,6Fba9RZtC6vTY814JToDtP,Jump,3
1076,8,2MuWTIM3b0YEAskbeeFE1i,Master Of Puppets,2
1076,9,2ygMBIctKIAfbEBcT9065L,Pump It,5
1076,10,5YanmSgudc0CaxZrn40YnM,Wasted On You,3
1076,11,3tSmXSxaAnU1EPGKa6NytH,In the End,3
1076,12,3eekarcy7kvN4yt5ZFzltW,HIGHEST IN THE ROOM,5
1076,13,7wBJfHzpfI3032CSD7CE2m,STARGAZING,1
1076,14,3uqinR4FCjLv28bkrTdNX5,A Milli,2
1076,15,1z6WtY7X4HQJvzxC4UgkSf,Love On Top,2
1076,16,7vgTNTaEz3CsBZ1N4YQalM,Ghost Town,4
1076,17,26rdOwwjC2UnweK3xeS58u,GDFR (feat. Sage the Gemini & Lookas),4
1076,18,5wujBwqG7INdStqGd4tRMX,Armed And Dangerous,2
1076,19,4ZtFanR9U6ndgddUvNcjcG,good 4 u,4
1077,0,2DlHlPMa4M17kufBvI2lEN,Chop Suey!,5
1077,1,5EWPGh7jbTNO2wakv8LjUI,Free Bird,5
1077,2,4VqPOruhp5EdPBeR92t6lQ,Uprising,4
1077,3,5awDvzxWfd53SSrsRZ8pXO,Du hast,4
1077,4,40hCB0YR03f6AmQaHbwWDe8,,4
1077,5,0YammaEkYSeo9vQYZ1OwS6,Say My Name,1
1077,6,37ZJ0p5Jm13JPevGcx4SkF,Livin' On A Prayer,4
1077,7,3BJe4B8zGnqEdQPMvfVjuS,Summertime Sadness,2
1077,8,5UWwZ5lm5PKu6eKsHAGxOk,Everlong,3
1077,9,5TRPicyLGbAF2LGBFbHGvO,Flashing Lights,3
1077,10,5e9TFTbltYBg2xThimr0rU,The Chain - 2004 Remaster,4
1077,11,0I3q5fE6wg7LIfHGngUTnV,Ms. Jackson,5
1077,12,7vggqxNKwd6xdRoYS0pQtM,Three Little Birds,5
1077,13,4fouWK6XVHhzl78KzQ1UjL,abcdefu,1
1077,14,59WN2psjkt1tyaxjspN8fp,Killing In The Name,4
1077,15,6bNB5gxFX6Q87DbQWb8OWZ,Waka Waka (This Time for Africa) [The Official 2010 FIFA World Cup (TM) Song] (feat. Freshlyground),5
1077,16,2LMkwUfqC6S6s6qDVlEuzV,White Ferrari,4
1077,17,1Cj2vqUwlJVG27gJrun92y,The Sound of Silence,5
1077,18,6mFkJmJqdDVQ1REhVfGgd1,Wish You Were Here,5
1077,19,6n4U3TlzUGhdSFbUUhTvLP,Walk It Talk It,1
1078,0,3H7ihDc1dqLriiWXwsc2po,Breaking Me,5
1078,1,1jF7IL57ayN4Ity3jQqGu0,Try,2
1078,2,70FCugJxa7XW04Np6iYJdI,21 Questions,1
1078,3,4Of7rzpRpV1mWRbhp5rAqG,Bruises,4
1078,4,6LsAAHotRLMOHfCsSfYCsz,If I Can't Have You,4
1078,5,1xQ6trAsedVPCdbtDAmk0c,Savage Love (Laxed - Siren Beat),5
1078,6,2XHzzp1j4IfTNp1FTn7YFg,Love Me,1
1078,7,2P4OICZRVAQcYAV2JReRfj,Waiting For Love,3
1078,8,02XnQdf7sipaKBBHixz3Zp,Paparazzi,4
1078,9,6kopmMZiyLmw7h66uXcXR7,Valerie (feat. Amy Winehouse) - Version Revisited,2
1078,10,0puf9yIluy9W0vpMEUoAnN,Bang Bang,5
1078,11,12KUFSHFgT0XCoiSlvdQi4,Break Free,3
1078,12,1QFh8OH1e78dGd3VyJZCAC,Boys Don't Cry,1
1078,13,4PhsKqMdgMEUSstTDAmMpg,Often,2
1078,14,0lx2cLdOt3piJbcaXIV74f,willow,2
1079,0,0e7ipj03S05BNilyu5bRzt,rockstar (feat. 21 Savage),4
1079,1,5qaEfEh1AtSdrdrByCP7qR,Demons,3
1079,2,7KXjTSCq5nL1LoYtL7XAwS,HUMBLE.,5
1079,3,7BqHUALzNBTanL6OvsqmC1,Happier,4
1079,4,7m9OqQk4RVRkw9JJdeAw96,Jocelyn Flores,3
1079,5,3bNv3VuUOKgrf5hu3YcuRo,Someone Like You,5
1079,6,2k1yPYf9WGA4LiqcLVwtzn,Another One Bites The Dust,5
1079,7,2grjqo0Frpf2okIBiifQKs,September,2
1079,8,2iUXsYOEPhVqEBwsqP70rE,Youngblood,2
1079,9,1CmUZGtH29Kx36C1Hleqlz,Thrift Shop (feat. Wanz),4
1079,10,5DxXgozhkPLgrbKFY91w0c,Vete,1
1079,11,3l9CW99AHtExIRV4hW2N5m,Misery Business,2
1079,12,1jF7IL57ayN4Ity3jQqGu0,Try,2
1079,13,5QpaGzWp0hwB5faV8dkbAz,Wherever You Will Go,4
1079,14,2q4rjDy9WhaN3o9MvDbO21,Kiss Me Thru The Phone,1
1079,15,1oew3nFNY3vMacJAsvry0S,Me And My Broken Heart,4
1079,16,0mEdbdeRFQwBhN4xfyIeUM,Can't Tell Me Nothing,1
1079,17,30QR0ndUdiiMQMA9g1PGCm,"...And to Those I Love, Thanks for Sticking Around",2
1079,18,009ImBOrIUlWgla8U05RAC,Unconditionally,2
1079,19,40FUdLENDY3sZmHEM25lpE,Paradise,4
1080,0,27rdGxbavYJeBphck5MZAF,Nothing Breaks Like a Heart (feat. Miley Cyrus),5
1080,1,3eR23VReFzcdmS7TYCrhCe,It Ain't Me (with Selena Gomez),4
1080,2,1qrpoAMXodY6895hGKoUpA,You Belong With Me (Taylor’s Version),5
1080,3,3CeCwYWvdfXbZLXFhBrbnf,Love Story (Taylor’s Version),5
1080,4,1bhUWB0zJMIKr9yVPrkEuI,Perfect Duet (Ed Sheeran & Beyoncé),2
1080,5,2Oycxb8QbPkpHTo8ZrmG0B,Prisoner (feat. Dua Lipa),1
1080,6,42BABHHNCBSCvMhlap5sxu,Duality,3
1080,7,1Ov37jtRQ2YNAe8HzfczkL,Wildest Dreams (Taylor's Version),5
1080,8,7ju97lgwC2rKQ6wwsf9no9,Rain On Me (with Ariana Grande),3
1080,9,49X0LAl6faAusYq02PRAY6,Lady - Hear Me Tonight,2
1080,10,7MHN1aCFtLXjownGhvEQlF,Una Lady Como Tú,3
1080,11,5bcTCxgc7xVfSaMV3RuVke,"Feels (feat. Pharrell Williams, Katy Perry & Big Sean)",4
1080,12,1oFAF1hdPOickyHgbuRjyX,Save Your Tears (Remix) (with Ariana Grande) - Bonus Track,2
1080,13,5enxwA8aAbwZbf5qCHORXi,All Too Well (10 Minute Version) (Taylor's Version) (From The Vault),5
1080,14,6habFhsOp2NvshLv26DqMb,Despacito,1
1080,15,4iJyoBOLtHqaGxP12qzhQI,Peaches (feat. Daniel Caesar & Giveon),2
1080,16,0GO8y8jQk1PkHzS31d699N,Tongue Tied,5
1080,17,6RRNNciQGZEXnqk8SQ9yv5,You Need To Calm Down,4
1081,0,3dYD57lRAUcMHufyqn9GcI,Take Me To Church,4
1081,1,6UelLqGlWMcVH1E5c4H7lY,Watermelon Sugar,3
1081,2,79CzbTOcQbkkkjLCPyn19y,Lucid Dreams,4
1081,3,1JSTJqkT5qHq8MDJnJbRE1,Every Breath You Take,3
1081,4,3z8h0TU7ReDPLIbEnYhWZb,Bohemian Rhapsody,5
1081,5,3tSmXSxaAnU1EPGKa6NytH,In the End,4
1081,6,4yBiZFLXn0n9AUJ5sWO88k,Wonderwall,5
1081,7,5T8EDUDqKcs6OSOwEsfqG7,Don't Stop Me Now - Remastered 2011,5
1081,8,7snQQk1zcKl8gZ92AnueZW,Sweet Child O' Mine,4
1081,9,1lbXEepatjRVjoG8pZMtdp,Dreams,5
1081,10,7J1uxwnxfQLu4APicE5Rnj,Billie Jean,4
1081,11,2k1yPYf9WGA4LiqcLVwtzn,Another One Bites The Dust,4
1081,12,1qDrWA6lyx8cLECdZE7TV7,Somebody That I Used To Know,3
1081,13,5DnT9a5IM3eMjKgXTWVJvi,Have You Ever Seen The Rain,3
1081,14,2zYzyRzz6pRmhPzyfMEC8s,Highway to Hell,4
1081,15,0TDLuuLlV54CkRRUOahJb4,Titanium (feat. Sia),3
1081,16,3BJe4B8zGnqEdQPMvfVjuS,Summertime Sadness,5
1081,17,47BBI51FKFwOMlIiX6m8ya,I Want It That Way,4
1081,18,2nMeu6UenVvwUktBCpLMK9,Young And Beautiful,5
1081,19,4BP3uh0hFLFRb5cjsgLqDh,Fortunate Son,5
1082,0,5tVA6TkbaAH9QMITTQRrNv,Free Fallin',4
1082,1,4sNG6zQBmtq7M8aeeKJRMQ,Brazil,3
1082,2,2QjOHCTQ1Jl3zawyYOpxh6,Sweater Weather,5
1082,3,1GXABqvCDvQ58wPbkNhhzh,Psycho,4
1082,4,3Vi5XqYrmQgOYBajMWSvCi,Need to Know,4
1082,5,00DZ7TTuVWDSreZygWpdJt,Sucker for Pain,5
1082,6,0989LIb0HVwfkn3Hjj1HLJ,Better Together,4
1082,7,3lKZf71jeNi14udIFPJ29V,I Knew You Were Trouble.,5
1082,8,6IwKcFdiRQZOWeYNhUiWIv,No One,2
1082,9,40x5K8xyIWVmSeUrYjj0os,Lost on You,4
1082,10,3jjsRKEsF42ccXf8kWR3nu,Washing Machine Heart,3
1082,11,1V6gIisPpYqgFeWbMLI0bA,Heart Attack,5
1082,12,6rUp7v3l8yC4TKxAAR5Bmx,I Hate Everything About You,5
1082,13,2y4lAQpi5VTNLu2ldeTdUH,We Can't Stop,4
1082,14,78TTtXnFQPzwqlbtbwqN0y,FourFiveSeconds,3
1083,0,0lYBSQXN6rCTvUZvg9S0lU,Let Me Love You,4
1083,1,21jGcNKet2qwijlDFuPiPb,Circles,3
1083,2,0BxE4FqsDD1Ot4YuBXwAPp,505,4
1083,3,2nLtzopw4rPReszdYBJU6h,Numb,3
1083,4,7qiZfU4dY1lWllzX7mPBI3,Shape of You,5
1083,5,75JFxkI2RXiU7L9VXzMkle,The Scientist,1
1083,6,70LcF31zb1H0PyJoS1Sx1r,Creep,2
1083,7,1lbXEepatjRVjoG8pZMtdp,Dreams,1
1083,8,0JP9xo3adEtGSdUEISiszL,Moonlight,2
1083,9,2QjOHCTQ1Jl3zawyYOpxh6,Sweater Weather,5
1083,10,2TIlqbIneP0ZY1O0EzYLlc,Someone You Loved,3
1084,0,7LRMbd3LEoV5wZJvXT1Lwb,T.N.T.,4
1084,1,2USlegnFJLrVLpoVfPimKB,Thunder,2
1084,2,0UFDKFqW2oGspYeYqo9wjA,Bleed It Out,1
1084,3,2vXKRlJBXyOcvZYTdNeckS,Lost in the Fire (feat. The Weeknd),4
1084,4,6XHVuErjQ4XNm6nDPVCxVX,No Guidance (feat. Drake),5
1084,5,3M214U0mwSm041GsQR3nrO,Toxic,1
1084,6,15rjQH7nTcTomKwfVMd4xl,Go Your Own Way,2
1084,7,0rTV5WefWd1J3OwIheTzxM,Talk,2
1084,8,3CA9pLiwRIGtUBiMjbZmRw,Nice For What,1
1084,9,44ONERBHALxftQNWq6dmyd,Side To Side,4
1085,0,1eT2CjXwFXNx6oY5ydvzKU,Hey Jude,5
1085,1,3ebXMykcMXOcLeJ9xZ17XH,Scared to Be Lonely,3
1085,2,3GVkPk8mqxz0itaAriG1L7,Everybody Dies In Their Nightmares,1
1085,3,5PRRthP9SLfbXB359MfIWv,I Will Wait,1
1085,4,4BP3uh0hFLFRb5cjsgLqDh,Fortunate Son,1
1085,5,380HmhwTE2NJgawn1NwkXi,Rojo,2
1085,6,40YcuQysJ0KlGQTeGUosTC,"Me, Myself & I",2
1085,7,1r299qCKBLgUS9XJ9m1kEx,Moves Like Jagger,5
1085,8,7lQ8MOhq6IN2w8EYcFNSUk,Without Me,4
1085,9,4ZtFanR9U6ndgddUvNcjcG,good 4 u,3
1085,10,60nZcImufyMA1MKQY3dcCH,"Happy - From ""Despicable Me 2""",5
1085,11,3Zwu2K0Qa5sT6teCCHPShP,Thnks fr th Mmrs,4
1085,12,3hRV0jL3vUpRrcy398teAU,The Night We Met,2
1085,13,0T5iIrXA4p5GsubkhuBIKV,Until I Found You,5
1085,14,1rfofaqEpACxVEHIZBJe6W,Havana (feat. Young Thug),4
1086,0,7lQ8MOhq6IN2w8EYcFNSUk,Without Me,5
1086,1,5FVd6KXrgO9B3JPmC8OPst,Do I Wanna Know?,5
1086,2,0BxE4FqsDD1Ot4YuBXwAPp,505,5
1086,3,3bNv3VuUOKgrf5hu3YcuRo,Someone Like You,2
1086,4,6FZDfxM3a3UCqtzo5pxSLZ,Without Me,3
1086,5,4OSBTYWVwsQhGLF9NHvIbR,Rolling in the Deep,4
1086,6,6habFhsOp2NvshLv26DqMb,Despacito,5
1086,7,08mG3Y1vljYA6bvDt4Wqkj,Back In Black,5
1086,8,7qiZfU4dY1lWllzX7mPBI3,Shape of You,5
1086,9,2QjOHCTQ1Jl3zawyYOpxh6,Sweater Weather,4
1086,10,7BKLCZ1jbUBVqRi2FVlTVw,Closer,4
1086,11,5XeFesFbtLpXzIVDNQP22n,I Wanna Be Yours,5
1086,12,0VjIjW4GlUZAMYd2vXMi3b,Blinding Lights,5
1086,13,1daDRI9ahBonbWD8YcxOIB,Angels Like You,3
1086,14,3M0lSi5WW79CXQamgSBIjx,Swim,2
1087,0,2LBqCSwhJGcFQeTHMVGwy3,Die For You,3
1087,1,2gMXnyrvIjhVBUZwvLZDMP,Before You Go,3
1087,2,0M5YEiSjuvYTBXWabg3PxW,Want to Want Me,3
1087,3,4eWQlBRaTjPPUlzacqEeoQ,Never Be the Same,3
1087,4,3LlmKSHR3Rs0Y3KHQLAYDk,Alone,2
1087,5,0IktbUcnAGrvD03AWnz3Q8,Lucky,2
1087,6,0gJvqi9QyASOCtJu99tytc,Because of You,4
1087,7,0rbKrUWDIgUCzC3Pyn68Ph,All Around The World (La La La),3
1087,8,0B8QzDH7YWih85V5SEMnyJ,Money Longer,2
1087,9,2DQ1ITjI0YoLFzuADN1ZBW,No Limit,1
1087,10,4i2qxFEVVUi8yOYoxB8TCX,Midnight Sky,1
1087,11,3lGMtkONrZdJ8kTCg6KIFf,Hasta la Raíz,2
1087,12,4it4NYn9wNqGV54joA6oN0,De Música Ligera,2
1087,13,0k4d5YPDr1r7FX77VdqWez,You Right,3
1087,14,6Sq7ltF9Qa7SNFBsV5Cogx,Me Porto Bonito,3
1087,15,1rIKgCH4H52lrvDcz50hS8,Lush Life,3
1087,16,6nek1Nin9q48AVZcWs9e9D,Paradise,3
1087,17,42ydLwx4i5V49RXHOozJZq,Scars To Your Beautiful,4
1087,18,0T5iIrXA4p5GsubkhuBIKV,Until I Found You,3
1087,19,0v1XpBHnsbkCn7iJ9Ucr1l,It's My Life,3
1088,0,503OTo2dSqe7qk76rgsbep,Still D.R.E.,5
1088,1,01BLFXACRypODfqC7wUgWo,Body Like A Back Road,4
1088,2,41wtwzCZkXwpnakmwJ239F,Si Veo a Tu Mamá,3
1088,3,5XeFesFbtLpXzIVDNQP22n,I Wanna Be Yours,5
1088,4,22skzmqfdWrjJylampe0kt,Can't Hold Us (feat. Ray Dalton),5
1088,5,3dYD57lRAUcMHufyqn9GcI,Take Me To Church,3
1088,6,1zB4vmk8tFRmM9UULNzbLB,Thunder,5
1088,7,7lQ8MOhq6IN2w8EYcFNSUk,Without Me,5
1088,8,1DIXPcTDzTj8ZMHt3PDt8p,Gangsta's Paradise,5
1088,9,4OSBTYWVwsQhGLF9NHvIbR,Rolling in the Deep,5
1088,10,0pqnGHJpmpxLKifKRmU6WP,Believer,1
1088,11,3eekarcy7kvN4yt5ZFzltW,HIGHEST IN THE ROOM,5
1089,0,2QjOHCTQ1Jl3zawyYOpxh6,Sweater Weather,3
1089,1,5XeFesFbtLpXzIVDNQP22n,I Wanna Be Yours,4
1089,2,3QGsuHI8jO1Rx4JWLUh9jd,Treat You Better,5
1089,3,2xLMifQCjDGFmkHkpNLD9h,SICKO MODE,1
1089,4,4rmFRTmHa2bWUmMLIRVEXQ,Uptown Funk,5
1089,5,3ee8Jmje8o58CHK66QrVC2,SAD!,2
1089,6,1rfofaqEpACxVEHIZBJe6W,Havana (feat. Young Thug),5
1089,7,4xkOaSrkexMciUUogZKVTS,Till I Collapse,2
1089,8,7795WJLVKJoAyVoOtCWqXN,I'm Not The Only One,1
1089,9,46IZ0fSY2mpAiktS3KOqds,Easy On Me,5
1089,10,4OSBTYWVwsQhGLF9NHvIbR,Rolling in the Deep,5
1089,11,1u8c2t2Cy7UBoG4ArRcF5g,Blank Space,4
1089,12,3d0WouFnFmr0K3kjeza3fF,Hips Don't Lie (feat. Wyclef Jean),4
1089,13,5DnT9a5IM3eMjKgXTWVJvi,Have You Ever Seen The Rain,3
1089,14,7dt6x5M1jzdTEt8oCbisTK,Better Now,3
1089,15,37ZJ0p5Jm13JPevGcx4SkF,Livin' On A Prayer,2
1089,16,3dPQuX8Gs42Y7b454ybpMR,Seven Nation Army,5
1089,17,0d28khcov6AiegSCpG5TuT,Feel Good Inc.,2
1089,18,40riOy7x9W7GXjyGp4pjAv,Hotel California - 2013 Remaster,2
1089,19,2JvzF1RMd7lE3KmFlsyZD8,MIDDLE CHILD,1
1090,0,3ZCTVFBt2Brf31RLEnCkWJ,everything i wanted,5
1090,1,3z8h0TU7ReDPLIbEnYhWZb,Bohemian Rhapsody,4
1090,2,3dYD57lRAUcMHufyqn9GcI,Take Me To Church,3
1090,3,1hewNsVmijBqjKvFRQfk4m,bad guy,4
1090,4,0WQiDwKJclirSYG9v5tayI,There Is a Light That Never Goes Out - 2011 Remaster,5
1090,5,561jH07mF1jHuk7KlaeF0s,Mockingbird,5
1090,6,3P9bEWvIESZlqVj9DXKGR6,The Box,1
1090,7,7euZJfqlLgc7rAFsgc88LY,love nwantiti (ah ah ah),1
1090,8,20I6sIOMTCkB6w7ryavxtO,Call Me Maybe,3
1090,9,336ZYcU6poBWi3s8yzRcAD,I Follow Rivers,2
1090,10,3it2BvJfyhPEWF3kD2TZJ1,It's Beginning to Look a Lot like Christmas,4
1090,11,3lyHyxVE8JHvNz75wBmExR,Master Of Puppets - Remastered,3
1090,12,0yNttAVwMr39qyODHNIkrY,Never Gonna Give You Up (2022 Remaster),1
1090,13,7EAMXbLcL0qXmciM5SwMh2,Heart To Heart,3
1090,14,6habFhsOp2NvshLv26DqMb,Despacito,1
1090,15,2FRnf9qhLbvw8fu4IBXx78,Last Christmas,4
1090,16,4pbJqGIASGPr0ZpGpnWkDn,We Will Rock You - Remastered 2011,3
1090,17,0d28khcov6AiegSCpG5TuT,Feel Good Inc.,2
1091,0,5FVd6KXrgO9B3JPmC8OPst,Do I Wanna Know?,5
1091,1,3dYD57lRAUcMHufyqn9GcI,Take Me To Church,5
1091,2,0pqnGHJpmpxLKifKRmU6WP,Believer,5
1091,3,1BxfuPKGuaTgP7aM0Bbdwr,Cruel Summer,3
1091,4,7KXjTSCq5nL1LoYtL7XAwS,HUMBLE.,5
1091,5,7lQ8MOhq6IN2w8EYcFNSUk,Without Me,5
1091,6,7KA4W4McWYRpgf0fWsJZWB,See You Again (feat. Kali Uchis),4
1091,7,4UKJUbcuStnnxLeJmVJsSc,Lean On,4
1091,8,2nLtzopw4rPReszdYBJU6h,Numb,5
1091,9,6jG2YzhxptolDzLHTGLt7S,Drunk in Love (feat. JAY-Z),2
1091,10,5Nm9ERjJZ5oyfXZTECKmRt,Stay With Me,5
1091,11,4xkOaSrkexMciUUogZKVTS,Till I Collapse,5
1091,12,1qDrWA6lyx8cLECdZE7TV7,Somebody That I Used To Know,1
1091,13,0JP9xo3adEtGSdUEISiszL,Moonlight,5
1091,14,086myS9r57YsLbJpU0TgK9,Why'd You Only Call Me When You're High?,5
1091,15,3e9HZxeyfWwjeyPAMmWSSQ,"thank u, next",3
1091,16,40iJIUlhi6renaREYGeIDS,Fair Trade (with Travis Scott),1
1091,17,1dzQoRqT5ucxXVaAhTcT0J,Just Dance,5
1091,18,73SPjNZV2wVy8imEmckGYw,"Paint It, Black",5
1091,19,2qxmye6gAegTMjLKEBoR3d,Let Me Down Slowly,5
1092,0,2Foc5Q5nqNiosCNqttzHof,Get Lucky (Radio Edit) [feat. Pharrell Williams and Nile Rodgers],5
1092,1,0UFDKFqW2oGspYeYqo9wjA,Bleed It Out,4
1092,2,0ByMNEPAPpOR5H69DVrTNy,Don't Stop The Music,5
1092,3,5CQ30WqJwcep0pYcV4AMNc,Stairway to Heaven - Remaster,5
1092,4,124NFj84ppZ5pAxTuVQYCQ,Take Care,2
1092,5,3B5UbSndRz907IZhhmUfLi,Count on Me,3
1092,6,7snQQk1zcKl8gZ92AnueZW,Sweet Child O' Mine,5
1092,7,02xhLoVqpGmOqvolgrwM8w,One,4
1092,8,47EiUVwUp4C9fGccaPuUCS,DÁKITI,1
1092,9,3YRCqOhFifThpSRFJ1VWFM,November Rain,5
1092,10,3OzCF9i6Ey7EkkAYJztmKp,Bad At Love,3
1092,11,63OQupATfueTdZMWTxW03A,Karma Police,5
1092,12,0LQtEJt7x0s6knb6RKdRYc,Chicken Fried,2
1092,13,1YYhDizHx7PnDhAhko6cDS,"Take Me Home, Country Roads - Original Version",3
1092,14,40riOy7x9W7GXjyGp4pjAv,Hotel California - 2013 Remaster,5
1093,0,5vjLSffimiIP26QG5WcN2K,Hold On,5
1093,1,3S2R0EVwBSAVMd5UMgKTL0,Thriller,5
1093,2,1KzGj3xvi9IiY05kBlkm2G,Bad Things (with Camila Cabello),3
1093,3,7FlHNJT4TC120CDvFOHzei,Rewrite The Stars,3
1093,4,3yfqSUWxFvZELEM4PmlwIR,The Real Slim Shady,3
1093,5,0UFDKFqW2oGspYeYqo9wjA,Bleed It Out,4
1093,6,3EWaR09H3TkRgaLTIheYFr,XO Tour Llif3,2
1093,7,3cNjgVBKTJ1SvKhunrCdVy,Please Don't Go,4
1093,8,5rgrBsAFYMun6yhtnLKRPz,Right My Wrongs,4
1093,9,1R0hxCA5R7z5TiaXBZR7Mf,SOLO,3
1093,10,3RauEVgRgj1IuWdJ9fDs70,The Man,4
1093,11,5AGQSF0ytihJyt96K5vW9d,Heartbeat,2
1093,12,1Yk0cQdMLx5RzzFTYwmuld,Hello,5
1093,13,5hcisvFMidkMJlElTO9Qmw,Sensualidad,4
1093,14,3TpQSUTOSzTUwrgtvl4lRa,Rewrite The Stars,4
1093,15,2QZ7WLBE8h2y1Y5Fb8RYbH,In My Blood,4
1093,16,7HW5WIw7ZgZORCzUxv5gW5,Don't Go Breaking My Heart,4
1093,17,6mb6lVLNrcUgLnEN8QnDJd,How Far I'll Go,4
1093,18,3ZZq9396zv8pcn5GYVhxUi,Down Under,3
1093,19,3hUxzQpSfdDqwM3ZTFQY0K,august,4
1094,0,6hf0RpxTbOprT5nnwzkk8e,Qué Más Pues?,4
1094,1,7yNf9YjeO5JXUE3JEBgnYc,Babydoll,4
1094,2,20R4HfKloPKgXDqU7UKk3x,Therefore I Am,3
1094,3,1mKXFLRA179hdOWQBwUk9e,Just Give Me a Reason (feat. Nate Ruess),5
1094,4,5JVbvCHX10U2pLa5DEqGav,Safe and Sound,2
1094,5,1cS0TgbR263ey9jn0MwD2s,River (feat. Ed Sheeran),5
1094,6,1v1oIWf2Xgh54kIWuKsDf6,Runaway,4
1094,7,1oew3nFNY3vMacJAsvry0S,Me And My Broken Heart,5
1094,8,2G1tXoGBaEMJ7FKGnkf6ud,Wake Up in the Sky,2
1094,9,2X6b7zLdIxCejd6GqVcQ9M,3005,3
1094,10,7k4t7uLgtOxPwTpFmtJNTY,Tusa,5
1094,11,7npLlaPu9Mfno8hjk5OagD,Girls Like You,4
1094,12,1tg0hS3Vw3HpKYD6FIGgDn,The Nights,2
1094,13,0AUyNF6iFxMNQsNx2nhtrw,Blood // Water,5
1094,14,3iVcZ5G6tvkXZkZKlMpIUs,Alright,5
1094,15,2Bhmj4XK33InfhqKPxcJ1v,Dile al Amor,4
1094,16,71iAechwVKGu26pahzFL0k,Cuando Nadie Ve,3
1094,17,1000nHvUdawXuUHgBod4Wv,Panini,2
1094,18,7rbECVPkY5UODxoOUVKZnA,I Wonder,1
1094,19,1iRvhKiXRElIH2Uf4gd95P,Dueles,5
1095,0,0VjIjW4GlUZAMYd2vXMi3b,Blinding Lights,5
1095,1,244AvzGQ4Ksa5637JQu5Gy,You've Got The Love,3
1095,2,6H3kDe7CGoWYBabAeVWGiD,Gimme Shelter,5
1095,3,1Ov37jtRQ2YNAe8HzfczkL,Wildest Dreams (Taylor's Version),4
1095,4,3sNVsP50132BTNlImLx70i,Bound 2,1
1095,5,7GQi9RnjrD34tEgbP4f99E,Swalla,2
1095,6,2uHuiBFzEwLK87yteAUOwW,The Lazy Song,4
1095,7,1fidCEsYlaVE3pHwKCvpFZ,Am I Wrong,3
1095,8,6Im9k8u9iIzKMrmV7BWtlF,34+35,5
1095,9,3lyHyxVE8JHvNz75wBmExR,Master Of Puppets - Remastered,5
1095,10,1ZLroqJA8qoS5QEeCo0fA7,Breezeblocks,2
1095,11,6JGQ98So2ik5GVI9ydQ2Yh,Don't Speak,4
1095,12,2GgxS8bUT5G25QJTsfSv0R,Burn,3
1095,13,6WK9dVrRABMkUXFLNlgWFh,Enjoy the Silence,5
1095,14,4I2ENHg65RuKifEHdD0kMu,Alors On Danse,4
1095,15,22L7bfCiAkJo5xGSQgmiIO,All Of The Lights,1
1095,16,3lPr8ghNDBLc2uZovNyLs9,Supermassive Black Hole,5
1095,17,2wBnZdVWa5jVpvYRfGU7rP,Mary On A Cross,5
1095,18,0O45fw2L5vsWpdsOdXwNAR,SexyBack (feat. Timbaland),1
1095,19,24LP2wwXRSsFkCtpqLi7p3,Monster,5
1096,0,4MteadAdoJXNnuBIa0Q1ZK,Prayer In C,1
1096,1,6JymsaWDHk2Yj4e0yNBIFH,Jump Around,4
1096,2,77dMSg2VHi2wwXjXNrmcrZ,Nena Maldición (feat. Lenny Tavárez),1
1096,3,38RIEav39FGi86jppxO0du,Ignorantes,1
1096,4,2YlZnw2ikdb837oKMKjBkW,Like I'm Gonna Lose You (feat. John Legend),1
1096,5,02xhLoVqpGmOqvolgrwM8w,One,3
1096,6,2jpKZFnBk98Ud3EoZiBOTf,Here With Me,1
1096,7,3kpYJjvM8Ja6btr5hEJLWc,Venom - Music From The Motion Picture,2
1096,8,2JoZzpdeP2G6Csfdq5aLXP,How Deep Is Your Love,1
1096,9,22LAwLoDA5b4AaGSkg6bKW,Blueberry Faygo,2
1096,10,6ucR4KfvsBFWCMVFDvyKKl,Apologize,1
1096,11,4umIPjkehX1r7uhmGvXiSV,Intentions (feat. Quavo),1
1096,12,7MHN1aCFtLXjownGhvEQlF,Una Lady Como Tú,1
1096,13,30QR0ndUdiiMQMA9g1PGCm,"...And to Those I Love, Thanks for Sticking Around",1
1096,14,3qiyyUfYe7CRYLucrPmulD,Baba O'Riley,2
1096,15,6vN77lE9LK6HP2DewaN6HZ,Yes Indeed,4
1096,16,1BxfuPKGuaTgP7aM0Bbdwr,Cruel Summer,1
1096,17,6NfrH0ANGmgBXyxgV2PeXt,La Difícil,1
1096,18,0Cy7wt6IlRfBPHXXjmZbcP,Love Me Like You Do,1
1096,19,5wujBwqG7INdStqGd4tRMX,Armed And Dangerous,4
1097,0,0VjIjW4GlUZAMYd2vXMi3b,Blinding Lights,3
1097,1,7qiZfU4dY1lWllzX7mPBI3,Shape of You,2
1097,2,7MXVkk9YMctZqd1Srtv4MB,Starboy,3
1097,3,2TIlqbIneP0ZY1O0EzYLlc,Someone You Loved,1
1097,4,2QjOHCTQ1Jl3zawyYOpxh6,Sweater Weather,3
1097,5,4Dvkj6JhhA12EX05fT7y2e,As It Was,2
1097,6,7b4eqsDeLUzSrGth8uB2D1,lovely,3
1097,7,7BKLCZ1jbUBVqRi2FVlTVw,Closer,3
1097,8,5XeFesFbtLpXzIVDNQP22n,I Wanna Be Yours,5
1097,9,3AJwUDP919kvQ9QcozQPxg,Yellow,3
1097,10,7yq4Qj7cqayVTp3FF9CWbm,Riptide,4
1097,11,3RlsVPIIs5KFhLFhxZ4iDF,Rockstar,3
1097,12,3dYD57lRAUcMHufyqn9GcI,Take Me To Church,4
1097,13,1JSTJqkT5qHq8MDJnJbRE1,Every Breath You Take,4
1097,14,3tSmXSxaAnU1EPGKa6NytH,In the End,5
1097,15,1hewNsVmijBqjKvFRQfk4m,bad guy,2
1097,16,5FVd6KXrgO9B3JPmC8OPst,Do I Wanna Know?,5
1097,17,7KXjTSCq5nL1LoYtL7XAwS,HUMBLE.,2
1097,18,0BxE4FqsDD1Ot4YuBXwAPp,505,5
1097,19,4rmFRTmHa2bWUmMLIRVEXQ,Uptown Funk,3
1097,20,2nLtzopw4rPReszdYBJU6h,Numb,5
1097,21,7snQQk1zcKl8gZ92AnueZW,Sweet Child O' Mine,4
1097,22,70LcF31zb1H0PyJoS1Sx1r,Creep,4
1097,23,3bNv3VuUOKgrf5hu3YcuRo,Someone Like You,3
1097,24,2ekn2ttSfGqwhhate0LSR0,New Rules,3
1097,25,6FZDfxM3a3UCqtzo5pxSLZ,Without Me,4
1097,26,4JGKZS7h4Qa16gOU3oNETV,Dreams,5
1097,27,1qDrWA6lyx8cLECdZE7TV7,Somebody That I Used To Know,2
1097,28,4OSBTYWVwsQhGLF9NHvIbR,Rolling in the Deep,4
1097,29,0mHoYdQ04Jd4XZ2n8VRNep,The Less I Know The Better,3
1097,30,1oAwsWBovWRIp7qLMGPIet,Apocalypse,4
1097,31,2zYzyRzz6pRmhPzyfMEC8s,Highway to Hell,4
1097,32,3dhjNA0jGA8vHBQ1VdD6vV,I Feel It Coming,3
1097,33,3BJe4B8zGnqEdQPMvfVjuS,Summertime Sadness,3
1097,34,37ZJ0p5Jm13JPevGcx4SkF,Livin' On A Prayer,3
1097,35,74tLlkN3rgVzRqQJgPfink,Money Trees,4
1097,36,49FYlytm3dAAraYgpoJZux,Umbrella,3
1097,37,57bgtoPSgt236HzfBOd8kj,Thunderstruck,3
1097,38,2uIX8YMNjGMD7441kqyyNU,ocean eyes,5
1097,39,3ZCTVFBt2Brf31RLEnCkWJ,everything i wanted,4
1097,40,2nMeu6UenVvwUktBCpLMK9,Young And Beautiful,4
1097,41,20I6sIOMTCkB6w7ryavxtO,Call Me Maybe,4
1097,42,34KTEhpPjq6IAgQg2yzJAL,Californication,4
1097,43,0GjEhVFGZW8afUYGChu3Rr,Dancing Queen,3
1097,44,7npLlaPu9Mfno8hjk5OagD,Girls Like You,2
1097,45,76cy1WJvNGJTj78UqeA5zr,IDGAF,2
1097,46,2RsAajgo0g7bMCHxwH3Sk0,Come As You Are,4
1097,47,2DRMuw0U0QbkVQxWxdJV3M,Water Under the Bridge,4
1097,48,503OTo2dSqe7qk76rgsbep,Still D.R.E.,2
1097,49,1Yk0cQdMLx5RzzFTYwmuld,Hello,2
1097,50,0cqRj7pUJDkTCEsJkx8snD,Shake It Off,3
1097,51,0Cy7wt6IlRfBPHXXjmZbcP,Love Me Like You Do,1
1097,52,3M214U0mwSm041GsQR3nrO,Toxic,3
1097,53,2PpruBYCo4H7WOBJ7Q2EwM,Hey Ya!,3
1097,54,44ONERBHALxftQNWq6dmyd,Side To Side,2
1097,55,2gam98EZKrF9XuOkU13ApN,Promiscuous,3
1097,56,0SiywuOBRcynK0uKGWdCnn,Bad Romance,3
1097,57,0COqiPhxzoWICwFCS4eZcp,Bring Me To Life,5
1097,58,2jpKZFnBk98Ud3EoZiBOTf,Here With Me,4
1097,59,72TFWvU3wUYdUuxejTTIzt,Work,4
1097,60,0GONea6G2XdnHWjNZd6zt3,Summer Of '69,3
1097,61,0vur7myNcfUymUt6mHhNZe,How You Remind Me,4
1097,62,0G21yYKMZoHa30cYVi1iA8,Welcome To The Jungle,3
1097,63,1ZgMsA55GIY7ICkQh5MILA,Space Song,4
1097,64,0FpOBRl7y5tetQwtNLsgNg,WAP,1
1097,65,1jDJFeK9x3OZboIAHsY9k2,I'm Still Standing,3
1097,66,2EBCVPNAG46nbgs6jXPGvv,Starships,1
1097,67,3FAclTFfvUuQYnEsptbK8w,Back To Black,5
1097,68,0ByMNEPAPpOR5H69DVrTNy,Don't Stop The Music,4
1097,69,4SDWMFvYJKtK1QPhIOeZhd,Royals,3
1098,0,1Ser4X0TKttOvo8bgdytTP,Come Get Her,1
1098,1,6PGoSes0D9eUDeeAafB2As,LOVE. FEAT. ZACARI.,1
1098,2,1XGmzt0PVuFgQYYnV2It7A,Payphone,3
1098,3,152lZdxL1OR0ZMW6KquMif,Location,2
1098,4,5ZSl6gDoV6bPPxzmLeneV9,Rise,3
1098,5,3uwnnTQcHM1rDqSfA4gQNz,Cool for the Summer,3
1098,6,0GjEhVFGZW8afUYGChu3Rr,Dancing Queen,5
1098,7,2LMkwUfqC6S6s6qDVlEuzV,White Ferrari,2
1098,8,38zsOOcu31XbbYj9BIPUF1,Your Song,3
1098,9,2cOUlop2ZakjOKe4WinesN,Slow Hands,3
1098,10,1nahzW3kfMuwReTka28tH5,Hold On,4
1098,11,1KSqYYJFyfTecXFk9M0prc,Escápate Conmigo (feat. Ozuna),3
1098,12,3j84U36KvLeXNDPv4t5pI8,Pure Water (with Migos),2
1098,13,0AUyNF6iFxMNQsNx2nhtrw,Blood // Water,3
1098,14,2GiJYvgVaD2HtM8GqD9EgQ,Electric Love,4
1098,15,3ia3dJETSOllPsv3LJkE35,California Love - Original Version,2
1098,16,1dGr1c8CrMLDpV6mPbImSI,Lover,4
1098,17,5w9c2J52mkdntKOmRLeM2m,Con Calma,4
1098,18,22vgEDb5hykfaTwLuskFGD,Sucker,4
1098,19,3IVRacQwKGORqcxNEPMXlA,Basket Case,5
1098,20,3goSVuTt3fDYDP6kRnFwuL,Take A Bow,4
1098,21,5VGlqQANWDKJFl0MBG3sg2,Use Somebody,4
1098,22,0BxfFnk0YzONqvmrkO0QrB,Don't Cha,4
1098,23,2pUpNOgJBIBCcjyQZQ00qU,Let Her Go,5
1098,24,1QV6tiMFM6fSOKOGLMHYYg,Poker Face,4
1098,25,40rvBMQizxkIqnjPdEWY1v,Down with the Sickness,4
1098,26,4aVuWgvD0X63hcOCnZtNFA,Hold the Line,4
1098,27,2hnMS47jN0etwvFPzYk11f,Santeria,4
1098,28,1DIXPcTDzTj8ZMHt3PDt8p,Gangsta's Paradise,3
1098,29,1PtQJZVZIdWIYdARpZRDFO,Running Up That Hill (A Deal With God),3
1098,30,4JGKZS7h4Qa16gOU3oNETV,Dreams,4
1098,31,3jLk18JaCL9sFo9xSDup4A,changes,2
1098,32,15og0pCEcTFWEXOFKdcJlU,Hate Me,3
1098,33,6KBYefIoo7KydImq1uUQlL,Bodak Yellow,1
1098,34,1Knctxx9vGZxpZfF66BIEa,Legends,2
1098,35,1rdo13Fyl4N3cLQscWYSiY,QUE PRETENDES,3
1098,36,6KgBpzTuTRPebChN0VTyzV,Good as Hell,2
1098,37,7FIWs0pqAYbP91WWM0vlTQ,Godzilla (feat. Juice WRLD),1
1098,38,6IZvVAP7VPPnsGX6bvgkqg,PRIDE.,2
1098,39,503OTo2dSqe7qk76rgsbep,Still D.R.E.,3
1098,40,7pKfPomDEeI4TPT6EOYjn9,Imagine - Remastered 2010,3
1098,41,0N3W5peJUQtI4eyR6GJT5O,King Kunta,2
1098,42,51Fjme0JiitpyXKuyQiCDo,Lalala,4
1098,43,1797zYiX4cKosMH836X9Gt,La Corriente,3
1098,44,5CLGzJsGqhCEECcpnFQA8x,"These Days (feat. Jess Glynne, Macklemore & Dan Caplen)",4
1098,45,5QpaGzWp0hwB5faV8dkbAz,Wherever You Will Go,4
1098,46,6rY5FAWxCdAGllYEOZMbjW,SLOW DANCING IN THE DARK,2
1098,47,7MXVkk9YMctZqd1Srtv4MB,Starboy,2
1098,48,4TIZrHkVMOnEb0L3Vj8zUc,The Boys Of Summer,4
1098,49,6gi6y1xwmVszDWkUqab1qw,OUT WEST (feat. Young Thug),1
1098,50,0TXNKTzawI6VgLoA9UauRp,When You Love Someone,4
1098,51,0ErK6K0kYr0Ow2RkPMhmMs,Shout Out to My Ex,3
